{
   "Gender" : 1,
   "HairColor" : "Fallout4.esm|19EE60",
   "HeadParts" : [
      "Fallout4.esm|0F9E23",
      "Fallout4.esm|14EC28",
      "Fallout4.esm|0CFB4E",
      "Fallout4.esm|04D0E9",
      "Fallout4.esm|0CFB3F",
      "Fallout4.esm|11CCBC"
   ],
   "Morphs" : {
      "Presets" : {
         "36EF3501" : 0.4498237669467926,
         "36EF3651" : 1,
         "36EF365A" : 1,
         "36EF3673" : 1,
         "36EF3682" : 1,
         "36EF369C" : 1
      },
      "Regions" : {
         "186A0" : [
            0.1013016253709793,
            -0.8584325909614563,
            -1.192092913271381e-08,
            1,
            0,
            0,
            0,
            0
         ],
         "186A1" : [ -0.6645510196685791, 0.06172855198383331, 0, 0, 0, 0, 0, 0 ],
         "186A2" : [
            0.602327287197113,
            -0.5705550312995911,
            0.8500000238418579,
            0,
            0,
            0,
            0,
            0
         ],
         "186A3" : [
            0.300000011920929,
            -0.5468419790267944,
            0.4157316982746124,
            0,
            0,
            0,
            1,
            0
         ],
         "186A4" : [ 0, -1, 0.09717091917991638, 0, 0, 0, -0.6000000238418579, 0 ],
         "186A5" : [
            1,
            -0.2186444252729416,
            -0.5526204705238342,
            0,
            -0.6000000238418579,
            0,
            -0.1799999922513962,
            0
         ],
         "186A6" : [ 1, 0.1233739331364632, 0, 0, 0, 0, 0, 0 ],
         "186A8" : [ 1, 0.4289275109767914, 0, 0, 0, 0, 0, 0 ],
         "186A9" : [
            0.1034391820430756,
            -0.02212475053966045,
            -0.699999988079071,
            0,
            0,
            0,
            -0.5,
            0
         ],
         "186AA" : [ -1, -0.1389394402503967, -0.6992244124412537, 0, 0, 0, 1, 0 ],
         "186AB" : [ 0.5, -0.492166131734848, -0.03539569675922394, 0, 0, 0, 0.5, 0 ],
         "186AC" : [ 0, 0.09257882088422775, -0.2786538898944855, 0, 0, 0, 0, 0 ],
         "186AE" : [
            0.0830937847495079,
            -0.6279379725456238,
            -0.8999999761581421,
            -0.1000000014901161,
            0,
            0,
            0.5,
            0
         ],
         "186AF" : [ 0, 0, 0.300000011920929, 0, 0, 0, 0, 0 ],
         "186B0" : [
            0.57130366563797,
            -0.1811909824609756,
            0.5,
            0,
            0,
            0.300000011920929,
            -0.05999994277954102,
            0
         ],
         "186B1" : [
            -0.2073280513286591,
            -0.3404924273490906,
            0.699999988079071,
            0.5699999928474426,
            0,
            0,
            -0.4000000059604645,
            0
         ],
         "186B2" : [ 0, 0.1705562323331833, 0.5, 0, 0, 0, 1, 0 ],
         "186B3" : [
            0.08788452297449112,
            -0.6893201470375061,
            -0.2000000029802322,
            0.1000000014901161,
            0,
            0,
            -0.300000011920929,
            0
         ],
         "186B4" : [
            0.07438597083091736,
            0.0743340328335762,
            -0.2000000029802322,
            0,
            0,
            0,
            -0.699999988079071,
            0
         ],
         "186B5" : [
            -0.1588149815797806,
            -0.2037826627492905,
            1,
            0,
            0,
            0.2999999821186066,
            0,
            0
         ],
         "186B6" : [ 0, 1, 1, 0, 0, 0, -0.6000000238418579, 0 ],
         "186B7" : [
            0,
            0.7587028741836548,
            -0.300000011920929,
            0,
            0,
            0,
            0.4000000357627869,
            0
         ],
         "186B8" : [ 0, -1, 1, 0, 0, 0, 0, 0 ],
         "186B9" : [
            0.007687253877520561,
            -0.01463909726589918,
            -0.699999988079071,
            0,
            0,
            0,
            0,
            0
         ],
         "186BA" : [ 1, 0.7994269728660583, -0.1000000014901161, 0, 0, 0, 0, 0 ],
         "186BB" : [ 0, 0.000939544290304184, 1, 0, 0, 0, 0, 0 ],
         "274E" : [
            -1.387778780781446e-16,
            -0.8999739289283752,
            0.06591241061687469,
            0,
            0,
            0,
            0,
            0
         ],
         "274F" : [ 0, -1, 1, 0, 0, 0, 0, 0 ]
      }
   },
   "TintOrder" : [
      "729",
      "746",
      "756",
      "6E2",
      "51E",
      "51F",
      "490",
      "6B5",
      "6B6",
      "6CA",
      "6CC",
      "6D9",
      "6DA",
      "6B7",
      "6B9",
      "6B8"
   ],
   "Tints" : {
      "490" : {
         "Color" : 14211817,
         "ColorID" : 1158,
         "Percent" : 100,
         "Type" : 1
      },
      "51E" : {
         "Color" : 0,
         "ColorID" : 1824,
         "Percent" : 100,
         "Type" : 1
      },
      "51F" : {
         "Color" : 0,
         "ColorID" : 1824,
         "Percent" : 90,
         "Type" : 1
      },
      "6B5" : {
         "Percent" : 9,
         "Type" : 2
      },
      "6B6" : {
         "Color" : 6439796,
         "ColorID" : 1658,
         "Percent" : 52,
         "Type" : 1
      },
      "6B7" : {
         "Percent" : 39,
         "Type" : 2
      },
      "6B8" : {
         "Percent" : 32,
         "Type" : 2
      },
      "6B9" : {
         "Percent" : 14,
         "Type" : 2
      },
      "6CA" : {
         "Percent" : 17,
         "Type" : 2
      },
      "6CC" : {
         "Percent" : 9,
         "Type" : 2
      },
      "6D9" : {
         "Percent" : 26,
         "Type" : 2
      },
      "6DA" : {
         "Percent" : 13,
         "Type" : 2
      },
      "6E2" : {
         "Color" : 2436920,
         "ColorID" : 1836,
         "Percent" : 90,
         "Type" : 1
      },
      "729" : {
         "Color" : 0,
         "ColorID" : 1822,
         "Percent" : 26,
         "Type" : 1
      },
      "746" : {
         "Color" : 2436920,
         "ColorID" : 1836,
         "Percent" : 90,
         "Type" : 1
      },
      "756" : {
         "Color" : 0,
         "ColorID" : 1824,
         "Percent" : 90,
         "Type" : 1
      }
   },
   "Weight" : [ 0, 0.01063849683851004, 0.9893615245819092 ]
}
