{
   "Gender" : 1,
   "HairColor" : "Fallout4.esm|19EE60",
   "HeadParts" : [
      "Fallout4.esm|16CA37",
      "Fallout4.esm|14EC28",
      "Fallout4.esm|0CFB4E",
      "Fallout4.esm|04D0E9",
      "Fallout4.esm|0CFB3F",
      "Fallout4.esm|11CCBC"
   ],
   "Morphs" : {
      "Presets" : {
         "36EF34FE" : 0.6398796439170837,
         "36EF3541" : 1,
         "36EF35D7" : -0.001445284578949213,
         "36EF35D8" : 0.8471635580062866,
         "36EF35D9" : -0.006848788354545832,
         "36EF35DA" : 0.7756391763687134,
         "36EF35F2" : 1,
         "36EF3601" : 1,
         "36EF3651" : 1
      },
      "Regions" : {
         "186A0" : [ -0.1130427494645119, 1, 0.1000000014901161, -1, 0, 0, 0, 0 ],
         "186A1" : [
            0.7238937616348267,
            -0.3558819890022278,
            -0.8999999761581421,
            0,
            0,
            0,
            0,
            0
         ],
         "186A2" : [ 0.8772941827774048, 1, -0.2700000107288361, 0, 0, 0, 0, 0 ],
         "186A3" : [
            -0.800000011920929,
            0.664576530456543,
            -0.2029344141483307,
            0,
            0,
            0,
            1.387778780781446e-16,
            0
         ],
         "186A4" : [ 0, -0.1014670804142952, 0.284679651260376, 0, 0, 0, 1, 0 ],
         "186A5" : [
            0.05977155268192291,
            0.9377920031547546,
            -0.06151739880442619,
            0,
            0,
            0,
            0.02999999187886715,
            0
         ],
         "186A6" : [
            0.6055057644844055,
            0.4784758687019348,
            -0.9326068162918091,
            0,
            0,
            0,
            0,
            0
         ],
         "186A7" : [ 1, 0.1707074791193008, 0.5750748515129089, 0, 0, 0, 0, 0 ],
         "186A8" : [
            0.04597681760787964,
            0.1990969032049179,
            0.2508543133735657,
            0,
            0,
            0,
            0.300000011920929,
            0
         ],
         "186A9" : [
            0.04339183121919632,
            0.003792078699916601,
            -2.384185826542762e-08,
            0,
            0,
            0,
            1,
            0
         ],
         "186AA" : [
            -0.699999988079071,
            -0.3164415657520294,
            -0.3783151805400848,
            0,
            0,
            0,
            1.490116141589226e-09,
            0
         ],
         "186AB" : [
            -1,
            -0.9998681545257568,
            -0.2958604693412781,
            0,
            0,
            0,
            0.09999997913837433,
            0
         ],
         "186AC" : [ -1, 0.5370497107505798, 1, 0, 0, 0, 0, 0 ],
         "186AD" : [ 0, -0.4725136458873749, 1, 0, 0, 0, 0, 0 ],
         "186AE" : [
            0.3093203902244568,
            -0.5597274899482727,
            -0.699999988079071,
            0.4000000059604645,
            0,
            0,
            -0.1000000014901161,
            0
         ],
         "186AF" : [ 0, 0, -0.9761608839035034, 0, 0, 0, 0, 0 ],
         "186B0" : [
            -0.100060947239399,
            0.09605088084936142,
            -0.5,
            0.6229605078697205,
            0,
            1,
            0.06888676434755325,
            0
         ],
         "186B1" : [
            -0.5304540395736694,
            -1,
            -0.1199999675154686,
            -0.300000011920929,
            0,
            0,
            1,
            0
         ],
         "186B2" : [ 0, -1, -1, 0, 0, 0, 1, 0 ],
         "186B3" : [
            -0.1101086214184761,
            -0.4258978366851807,
            -1,
            -1,
            0,
            0,
            -0.7999999523162842,
            0
         ],
         "186B4" : [
            0.2407183647155762,
            -0.6895503997802734,
            -0.300000011920929,
            0,
            0,
            0,
            0.4000000059604645,
            0
         ],
         "186B5" : [ 0.4100642502307892, 0.06071606278419495, 0.5, 0, 0, 0, 0, 0 ],
         "186B6" : [
            0,
            0.8187313675880432,
            0.300000011920929,
            0,
            0,
            0,
            -0.4000000059604645,
            0
         ],
         "186B7" : [ 0, 0.9228025674819946, -1, 0, 0, 0, 0.4000000059604645, 0 ],
         "186B8" : [ 0, 1, 1, 0, 0, 0, -0.4000000059604645, 0 ],
         "186B9" : [ -0.2409380227327347, 0.5705322027206421, -1, 0, 0, 0, 0, 0 ],
         "186BA" : [
            -0.2329744845628738,
            -0.4833982586860657,
            -0.8999999761581421,
            0,
            0,
            0,
            0,
            0
         ],
         "186BB" : [ 0, 0.8782070875167847, -0.06770588457584381, 0, 0, 0, 0, 0 ],
         "274E" : [ -1, 0.3374284207820892, 0.2967489063739777, 0, 0, 0, 0, 0 ],
         "274F" : [ 0, 0.6150370240211487, -0.2000000029802322, 0, 0, 0, 0, 0 ]
      },
      "Values" : [ -0.02999999932944775, 0, -0.009999999776482582, 0, 0 ]
   },
   "TintOrder" : [
      "4DF",
      "729",
      "525",
      "528",
      "746",
      "756",
      "6E2",
      "743",
      "744",
      "757",
      "51E",
      "752",
      "720",
      "490",
      "6B6"
   ],
   "Tints" : {
      "490" : {
         "Color" : 4863283,
         "ColorID" : 1288,
         "Percent" : 100,
         "Type" : 1
      },
      "4DF" : {
         "Percent" : 100,
         "Type" : 2
      },
      "51E" : {
         "Color" : 8201999,
         "ColorID" : 1864,
         "Percent" : 79,
         "Type" : 1
      },
      "525" : {
         "Percent" : 9,
         "Type" : 2
      },
      "528" : {
         "Color" : 1713472,
         "ColorID" : 1335,
         "Percent" : 84,
         "Type" : 1
      },
      "6B6" : {
         "Color" : 7831970,
         "ColorID" : 1665,
         "Percent" : 100,
         "Type" : 1
      },
      "6E2" : {
         "Color" : 0,
         "ColorID" : 1824,
         "Percent" : 90,
         "Type" : 1
      },
      "720" : {
         "Color" : 8499699,
         "ColorID" : 1866,
         "Percent" : 58,
         "Type" : 1
      },
      "729" : {
         "Color" : 2575220,
         "ColorID" : 1876,
         "Percent" : 58,
         "Type" : 1
      },
      "743" : {
         "Color" : 0,
         "ColorID" : 1824,
         "Percent" : 90,
         "Type" : 1
      },
      "744" : {
         "Color" : 0,
         "ColorID" : 1824,
         "Percent" : 90,
         "Type" : 1
      },
      "746" : {
         "Color" : 0,
         "ColorID" : 1824,
         "Percent" : 90,
         "Type" : 1
      },
      "752" : {
         "Color" : 8093070,
         "ColorID" : 1870,
         "Percent" : 90,
         "Type" : 1
      },
      "756" : {
         "Color" : 0,
         "ColorID" : 1824,
         "Percent" : 100,
         "Type" : 1
      },
      "757" : {
         "Color" : 0,
         "ColorID" : 1824,
         "Percent" : 100,
         "Type" : 1
      }
   },
   "Weight" : [ 0.2554000020027161, 0.5239999890327454, 0.2205999940633774 ]
}
