{
   "Gender" : 1,
   "HairColor" : "Fallout4.esm|19EE60",
   "HeadParts" : [
      "Fallout4.esm|144A9F",
      "Fallout4.esm|04D0EB",
      "Fallout4.esm|0CFB4E",
      "Fallout4.esm|04D0E9",
      "Fallout4.esm|0CFB3F",
      "Fallout4.esm|11CCBC"
   ],
   "Morphs" : {
      "Presets" : {
         "36EF3507" : 1,
         "36EF352C" : 1,
         "36EF35D7" : 0.1200000047683716,
         "36EF35D8" : -0.7520000338554382,
         "36EF35D9" : -0.3540000021457672,
         "36EF35DA" : -0.01900000125169754,
         "36EF35F9" : 1,
         "36EF3652" : 1,
         "36EF3680" : 1,
         "36EF369C" : 1
      },
      "Regions" : {
         "186A0" : [
            -0.04546137526631355,
            0.9715662598609924,
            -0.1000000014901161,
            -1,
            0,
            0,
            0,
            0
         ],
         "186A1" : [
            0.284382700920105,
            0.3837525546550751,
            -0.08131828904151917,
            0,
            0,
            0,
            0,
            0
         ],
         "186A2" : [
            -0.6457242965698242,
            0.3200458586215973,
            0.2299999892711639,
            0,
            0,
            0,
            0,
            0
         ],
         "186A3" : [
            -0.4000000059604645,
            -0.06910370290279388,
            0.08638259023427963,
            0,
            0,
            0,
            1,
            0
         ],
         "186A4" : [
            0,
            -0.006850774399936199,
            0.01319077238440514,
            0,
            0,
            0,
            0.7943341135978699,
            0
         ],
         "186A5" : [
            0.4000000059604645,
            0.220550611615181,
            -0.1046125218272209,
            0,
            -0.6000000238418579,
            0,
            0.300000011920929,
            0
         ],
         "186A6" : [ 0.99013352394104, -1, -0.9326068162918091, 0, 0, 0, 0, 0 ],
         "186A7" : [ 1, 0.1818597614765167, 0.5750748515129089, 0, 0, 0, 0, 0 ],
         "186A8" : [ 0.4357601404190063, 1, 0.5508543252944946, 0, 0, 0, 0, 0 ],
         "186A9" : [
            0.06123442947864532,
            -0.1099999994039536,
            -0.4000000059604645,
            0,
            0,
            0,
            0.690709114074707,
            0
         ],
         "186AA" : [ -1, 0.8779641389846802, -0.7130388021469116, 0, 0, 0, 0, 0 ],
         "186AB" : [
            0.4000000059604645,
            0.2071904838085175,
            0.1601248383522034,
            0,
            0,
            0,
            0.4000000059604645,
            0
         ],
         "186AC" : [ 0, -1, -0.3165551424026489, 0, 0, 0, 0, 0 ],
         "186AD" : [ 0, -0.5566591024398804, -0.371004194021225, 0, 0, 0, 0, 0 ],
         "186AE" : [
            0.3720550835132599,
            -0.5317316055297852,
            -0.6000000238418579,
            0,
            0,
            0,
            0.4023000001907349,
            0
         ],
         "186AF" : [ 0, 0, -1, 0, 0, 0, 0, 0 ],
         "186B0" : [
            -0.1180980056524277,
            0.2161311358213425,
            -1,
            0.6229605078697205,
            0,
            0.5,
            0.5688867568969727,
            0
         ],
         "186B1" : [
            -0.3299630880355835,
            0.5303103923797607,
            0.2800000011920929,
            0.4300000071525574,
            0,
            0,
            1,
            0
         ],
         "186B2" : [ 0, 0.8518536686897278, -0.800000011920929, 0, 0, 0, 1, 0 ],
         "186B3" : [
            0.1375889778137207,
            0.2382160276174545,
            -0.4000000059604645,
            -0.800000011920929,
            0,
            0,
            -0.7700000405311584,
            0
         ],
         "186B4" : [
            0.2367928028106689,
            -0.5520058870315552,
            0.2000000029802322,
            0,
            0,
            0,
            -0.800000011920929,
            0
         ],
         "186B5" : [
            -0.263123095035553,
            0.5097969770431519,
            1,
            0,
            0,
            0.2000000029802322,
            0,
            0
         ],
         "186B6" : [ 0, 1, -0.01000001467764378, 0, 0, 0, -0.2000000029802322, 0 ],
         "186B7" : [
            0,
            -0.6368632912635803,
            -0.01999999210238457,
            0,
            0,
            0,
            -0.1100000068545341,
            0
         ],
         "186B8" : [ 0, -0.9839619398117065, -0.7676724195480347, 0, 0, 0, -1, 0 ],
         "186B9" : [ -0.3452835083007813, 0.5796068906784058, -1, 0, 0, 0, 0, 0 ],
         "186BA" : [ -0.251415878534317, -0.04317371174693108, -1, 0, 0, 0, 0, 0 ],
         "186BB" : [ 0, -0.8908678889274597, -0.7149614095687866, 0, 0, 0, 0, 0 ],
         "274E" : [
            0.1000000014901161,
            -0.832966685295105,
            -0.2876840531826019,
            0,
            0,
            0,
            0,
            0
         ],
         "274F" : [ 0, 0.2548932433128357, 0.4000000059604645, 0, 0, 0, 0, 0 ]
      },
      "Values" : [
         0,
         0.02999999932944775,
         -0.009999999776482582,
         0.1099999994039536,
         0.009999999776482582
      ]
   },
   "TintOrder" : [ "4DC", "528", "51E", "490", "6C0", "6C8", "6D2", "6DA", "6B8" ],
   "Tints" : {
      "490" : {
         "Color" : 11185855,
         "ColorID" : 1163,
         "Percent" : 100,
         "Type" : 1
      },
      "4DC" : {
         "Percent" : 100,
         "Type" : 2
      },
      "51E" : {
         "Color" : 0,
         "ColorID" : 1824,
         "Percent" : 100,
         "Type" : 1
      },
      "528" : {
         "Color" : 1000307,
         "ColorID" : 1334,
         "Percent" : 50,
         "Type" : 1
      },
      "6B8" : {
         "Percent" : 22,
         "Type" : 2
      },
      "6C0" : {
         "Percent" : 42,
         "Type" : 2
      },
      "6C8" : {
         "Percent" : 36,
         "Type" : 2
      },
      "6D2" : {
         "Percent" : 22,
         "Type" : 2
      },
      "6DA" : {
         "Percent" : 17,
         "Type" : 2
      }
   },
   "Weight" : [ 0, 1, 0 ]
}
