{
   "Gender" : 1,
   "HairColor" : "Fallout4.esm|19EE60",
   "HeadParts" : [
      "Fallout4.esm|16CA35",
      "Fallout4.esm|0CFB4E",
      "Fallout4.esm|14EC28",
      "Fallout4.esm|04D0E9",
      "Fallout4.esm|0CFB3F",
      "Fallout4.esm|11CCBC"
   ],
   "Morphs" : {
      "Presets" : {
         "36EF34FC" : 1,
         "36EF35D7" : -0.362909197807312,
         "36EF35D8" : 0.1015686690807343,
         "36EF35D9" : -0.2160367667675018,
         "36EF35DA" : 0.006396750453859568,
         "36EF35F2" : 1,
         "36EF3650" : 1,
         "36EF3673" : 1,
         "36EF3677" : 1,
         "36EF369C" : 1
      },
      "Regions" : {
         "186A0" : [
            0.05684448406100273,
            0.248519092798233,
            0.2999999821186066,
            -1,
            0,
            0,
            0,
            0
         ],
         "186A1" : [ -0.9959412813186646, 0.2704735994338989, 0, 0, 0, 0, 0, 0 ],
         "186A2" : [ 0.5214779376983643, -1, -0.2000000029802322, 0, 0, 0, 0, 0 ],
         "186A3" : [
            1,
            0.7884908318519592,
            0.01946065947413445,
            0,
            0,
            0,
            -0.800000011920929,
            0
         ],
         "186A4" : [
            0,
            0.8680740594863892,
            0.01449955627322197,
            0,
            0,
            0,
            0.300000011920929,
            0
         ],
         "186A5" : [
            1,
            -0.2736026644706726,
            -0.166245698928833,
            0,
            -1,
            0,
            -0.1799999922513962,
            0
         ],
         "186A6" : [ 1, 0.1233739331364632, 0, 0, 0, 0, 0, 0 ],
         "186A8" : [ 1, 0.4289275109767914, 0, 0, 0, 0, 0, 0 ],
         "186A9" : [
            0.015043162740767,
            0.4012144505977631,
            -1,
            0,
            0,
            0,
            -0.8999999761581421,
            0
         ],
         "186AA" : [
            0.699999988079071,
            -0.7779538035392761,
            0.543718159198761,
            0,
            0,
            0,
            -1,
            0
         ],
         "186AB" : [ 0.5, 0.08618852496147156, 0.1251966059207916, 0, 0, 0, 0.5, 0 ],
         "186AC" : [ -1, -0.5161724090576172, -0.004571067169308662, 0, 0, 0, 0, 0 ],
         "186AE" : [
            0.09467212855815887,
            0.345140129327774,
            -0.8999999761581421,
            0.5,
            0,
            0,
            -0.2000000029802322,
            0
         ],
         "186AF" : [ 0, 0, -1, 0, 0, 0, 0, 0 ],
         "186B0" : [
            0.5735578536987305,
            0.001841607736423612,
            0.4000000059604645,
            0,
            0,
            0.699999988079071,
            -0.3599999845027924,
            0
         ],
         "186B1" : [
            -0.2073280513286591,
            -0.3404924273490906,
            -0.6800000071525574,
            0.2000000029802322,
            0,
            0,
            1,
            0
         ],
         "186B2" : [ 0, 0.08663462847471237, -1, 0, 0, 0, -0.8999999761581421, 0 ],
         "186B3" : [
            0.001345514319837093,
            -0.3052177727222443,
            -1,
            -0.1000000014901161,
            0,
            0,
            -0.5999999642372131,
            0
         ],
         "186B4" : [
            0.03063035570085049,
            0.2212005853652954,
            -1,
            0,
            0,
            0,
            -0.8999999761581421,
            0
         ],
         "186B5" : [ -0.3148482739925385, 0.05883462354540825, 1, 0, 0, -0.5, 0, 0 ],
         "186B6" : [ 0, -0.5607572197914124, 0.300000011920929, 0, 0, 0, 1, 0 ],
         "186B7" : [ 0, -0.5765531659126282, -1, 0, 0, 0, 1, 0 ],
         "186B8" : [ 0, -1, 1, 0, 0, 0, 0, 0 ],
         "186B9" : [ -0.04421258717775345, 0.3598280847072601, -1, 0, 0, 0, 0, 0 ],
         "186BA" : [ 0.9999994039535522, 0.434667557477951, -0.5, 0, 0, 0, 0, 0 ],
         "186BB" : [ 0, -0.6060454249382019, 1, 0, 0, 0, 0, 0 ],
         "274E" : [
            -0.9900000095367432,
            0.538208544254303,
            0.2775362730026245,
            0,
            0,
            0,
            0,
            0
         ],
         "274F" : [ 0, -0.4099079072475433, -0.4000000059604645, 0, 0, 0, 0, 0 ]
      }
   },
   "TintOrder" : [ "4D9", "519", "527", "528", "71E", "743", "720", "51F", "6B6", "6DA" ],
   "Tints" : {
      "4D9" : {
         "Percent" : 100,
         "Type" : 2
      },
      "519" : {
         "Color" : 4733065,
         "ColorID" : 1306,
         "Percent" : 39,
         "Type" : 1
      },
      "51F" : {
         "Color" : 0,
         "ColorID" : 1824,
         "Percent" : 100,
         "Type" : 1
      },
      "527" : {
         "Percent" : 41,
         "Type" : 2
      },
      "528" : {
         "Color" : 1315418,
         "ColorID" : 1332,
         "Percent" : 61,
         "Type" : 1
      },
      "6B6" : {
         "Color" : 6439796,
         "ColorID" : 1658,
         "Percent" : 52,
         "Type" : 1
      },
      "6DA" : {
         "Percent" : 29,
         "Type" : 2
      },
      "71E" : {
         "Color" : 0,
         "ColorID" : 1824,
         "Percent" : 90,
         "Type" : 1
      },
      "720" : {
         "Color" : 8093070,
         "ColorID" : 1870,
         "Percent" : 29,
         "Type" : 1
      },
      "743" : {
         "Color" : 0,
         "ColorID" : 1824,
         "Percent" : 90,
         "Type" : 1
      }
   },
   "Weight" : [ 0.571807324886322, 0.07327961921691895, 0.354913055896759 ]
}
