{
   "Gender" : 1,
   "HairColor" : "Fallout4.esm|19EE60",
   "HeadParts" : [
      "Fallout4.esm|144A9D",
      "Fallout4.esm|14EC28",
      "Fallout4.esm|04D0E9",
      "Fallout4.esm|0CFB4E",
      "Fallout4.esm|0CFB3F",
      "Fallout4.esm|11CCBC"
   ],
   "Morphs" : {
      "Presets" : {
         "36EF34FD" : 1,
         "36EF352F" : 1,
         "36EF35D7" : -0.261213093996048,
         "36EF35D8" : 0.9946842193603516,
         "36EF35D9" : -0.1713704913854599,
         "36EF35DA" : -0.5756616592407227,
         "36EF3601" : 1,
         "36EF3673" : 1
      },
      "Regions" : {
         "186A0" : [
            -0.08203040063381195,
            0.9492677450180054,
            0.01999999955296516,
            0.2000000029802322,
            0,
            0,
            0,
            0
         ],
         "186A1" : [ 0.6378856301307678, -1, 0, 0, 0, 0, 0, 0 ],
         "186A2" : [
            0.8221838474273682,
            0.5683380961418152,
            0.300000011920929,
            0,
            0,
            0,
            0,
            0
         ],
         "186A3" : [
            -0.07999999821186066,
            0.3921329975128174,
            0.2977634370326996,
            0,
            0,
            0,
            0.1899999976158142,
            0
         ],
         "186A4" : [
            0,
            -0.0570916160941124,
            0.08497107774019241,
            0,
            0,
            0,
            -2.775557561562891e-17,
            0
         ],
         "186A5" : [
            0,
            0.449999988079071,
            -0.05000000074505806,
            0,
            -0.1099999994039536,
            0,
            -0.05000000074505806,
            0
         ],
         "186A9" : [
            0.004743778146803379,
            -0.1348902732133865,
            -0.09000000357627869,
            0,
            0,
            0,
            -1,
            0
         ],
         "186AA" : [ 0, -0.2000852823257446, 0.8964807391166687, 0, 0, 0, 0, 0 ],
         "186AB" : [
            0.8999999761581421,
            -0.9971075057983398,
            -0.6860833168029785,
            0,
            0,
            0,
            -0.949999988079071,
            0
         ],
         "186AC" : [ -1, -0.9841743111610413, 0.04127054288983345, 0, 0, 0, 0, 0 ],
         "186AD" : [ 0, -1, -1, 0, 0, 0, 0, 0 ],
         "186AE" : [ 0, 0, -0.3799999952316284, 0, 0, 0, 0.01999999210238457, 0 ],
         "186AF" : [ 0, 0, -0.5899999737739563, 0, 0, 0, 0, 0 ],
         "186B0" : [
            0.5009186267852783,
            -0.5025129318237305,
            -0.2400000095367432,
            0,
            0,
            0.3799999952316284,
            -0.4399999976158142,
            0
         ],
         "186B1" : [ 0, -0.6399999856948853, 0.05000000074505806, 0, 0, 0, -1, 0 ],
         "186B2" : [
            0,
            -0.667381227016449,
            -0.009999996051192284,
            0,
            0,
            0,
            -0.2000000029802322,
            0
         ],
         "186B3" : [
            0.00123522465582937,
            0.0327608585357666,
            -0.3499999940395355,
            0,
            0,
            0,
            0.3299999833106995,
            0
         ],
         "186B4" : [
            -0.1509218364953995,
            0.31700399518013,
            -0.3799999952316284,
            0,
            0,
            0,
            -0.2099999934434891,
            0
         ],
         "186B5" : [
            0.3400000035762787,
            -0.01999999955296516,
            0.1599999964237213,
            0,
            0,
            0.8999999761581421,
            0,
            0
         ],
         "186B6" : [
            0,
            -0.7682678699493408,
            -0.01999999955296516,
            0,
            0,
            0,
            -0.2900000214576721,
            0
         ],
         "186B7" : [
            0,
            0.8647247552871704,
            -0.6000000238418579,
            0,
            0,
            0,
            0.300000011920929,
            0
         ],
         "186B8" : [ 0, -1, 1, 0, 0, 0, -0.1000000014901161, 0 ],
         "186B9" : [
            0.1219974979758263,
            -0.996675968170166,
            -0.119999997317791,
            0,
            0,
            0,
            0,
            0
         ],
         "186BA" : [ 0.1800000071525574, 0.1099999994039536, -1, 0, 0, 0, 0, 0 ],
         "186BB" : [ 0, -0.2291937917470932, -0.9985115528106689, 0, 0, 0, 0, 0 ],
         "274E" : [ -0.5299999713897705, -0.7400000095367432, 0, 0, 0, 0, 0, 0 ],
         "274F" : [ 0, -1, 0.2000000029802322, 0, 0, 0, 0, 0 ]
      },
      "Values" : [ -0.01999999955296516, 0, 0, 0, 0 ]
   },
   "TintOrder" : [
      "4D7",
      "72A",
      "527",
      "528",
      "746",
      "743",
      "720",
      "51F",
      "490",
      "6B6",
      "6D9",
      "6DA"
   ],
   "Tints" : {
      "490" : {
         "Color" : 9869470,
         "ColorID" : 1165,
         "Percent" : 100,
         "Type" : 1
      },
      "4D7" : {
         "Percent" : 100,
         "Type" : 2
      },
      "51F" : {
         "Color" : 1255742,
         "ColorID" : 1869,
         "Percent" : 90,
         "Type" : 1
      },
      "527" : {
         "Percent" : 19,
         "Type" : 2
      },
      "528" : {
         "Color" : 3675664,
         "ColorID" : 1882,
         "Percent" : 50,
         "Type" : 1
      },
      "6B6" : {
         "Color" : 7831970,
         "ColorID" : 1665,
         "Percent" : 100,
         "Type" : 1
      },
      "6D9" : {
         "Percent" : 14,
         "Type" : 2
      },
      "6DA" : {
         "Percent" : 14,
         "Type" : 2
      },
      "720" : {
         "Color" : 1255742,
         "ColorID" : 1869,
         "Percent" : 90,
         "Type" : 1
      },
      "72A" : {
         "Color" : 0,
         "ColorID" : 1822,
         "Percent" : 26,
         "Type" : 1
      },
      "743" : {
         "Color" : 0,
         "ColorID" : 1824,
         "Percent" : 100,
         "Type" : 1
      },
      "746" : {
         "Color" : 0,
         "ColorID" : 1824,
         "Percent" : 90,
         "Type" : 1
      }
   },
   "Weight" : [ 0.3371085822582245, 0.5132434368133545, 0.1496479511260986 ]
}
