{
   "Gender" : 1,
   "HairColor" : "Fallout4.esm|19EE60",
   "HeadParts" : [
      "Fallout4.esm|1E55C3",
      "Fallout4.esm|144AA2",
      "Fallout4.esm|04D0E9",
      "Fallout4.esm|0CFB4E",
      "Fallout4.esm|0CFB3F",
      "Fallout4.esm|11CCBC"
   ],
   "Morphs" : {
      "Presets" : {
         "36EF3509" : 1,
         "36EF3530" : 1,
         "36EF35D7" : -0.4417293071746826,
         "36EF35D8" : 1,
         "36EF35D9" : -0.7570641040802002,
         "36EF35DA" : -0.3264957070350647,
         "36EF3651" : 1,
         "36EF3673" : 1,
         "36EF3682" : 1
      },
      "Regions" : {
         "186A0" : [ 0.07484903931617737, 1, 0.01999999955296516, -1, 0, 0, 0, 0 ],
         "186A1" : [ -0.3800168037414551, -1, 0, 0, 0, 0, 0, 0 ],
         "186A2" : [
            0.9688974618911743,
            -0.6289336085319519,
            0.300000011920929,
            0,
            0,
            0,
            0,
            0
         ],
         "186A3" : [
            -0.07999999821186066,
            0.3921329975128174,
            0.2977634370326996,
            0,
            0,
            0,
            0.1899999976158142,
            0
         ],
         "186A4" : [
            0,
            -0.0570916160941124,
            0.08497107774019241,
            0,
            0,
            0,
            -2.775557561562891e-17,
            0
         ],
         "186A5" : [
            0,
            0.449999988079071,
            -0.05000000074505806,
            0,
            -0.1099999994039536,
            0,
            -0.05000000074505806,
            0
         ],
         "186A9" : [
            0.0764939934015274,
            -0.3400447070598602,
            0.1099999994039536,
            0,
            0,
            0,
            0.1800000071525574,
            0
         ],
         "186AA" : [
            0.1000000014901161,
            0.1179986372590065,
            -0.507357120513916,
            0,
            0,
            0,
            -1,
            0
         ],
         "186AB" : [
            0.3999999761581421,
            -0.4672583639621735,
            -0.1719442158937454,
            0,
            0,
            0,
            0.1000000014901161,
            0
         ],
         "186AC" : [ -1, -0.08852369338274002, 0.4879305958747864, 0, 0, 0, 0, 0 ],
         "186AD" : [ 0, -1, -1, 0, 0, 0, 0, 0 ],
         "186AE" : [
            -0.01144196465611458,
            0.1169154495000839,
            -0.3799999952316284,
            0.5,
            0,
            0,
            0.01999999210238457,
            0
         ],
         "186AF" : [ 0, 0, -0.5899999737739563, 0, 0, 0, 0, 0 ],
         "186B0" : [
            0.5009186267852783,
            -0.5025129318237305,
            -0.2400000095367432,
            0,
            0,
            0.699999988079071,
            -0.239999994635582,
            0
         ],
         "186B1" : [ 0, -0.6399999856948853, -0.3499999940395355, 0, 0, 0, -1, 0 ],
         "186B2" : [
            0,
            -0.667381227016449,
            -0.009999996051192284,
            0,
            0,
            0,
            0.800000011920929,
            0
         ],
         "186B3" : [
            0.004065161105245352,
            -0.396320253610611,
            -0.4000000059604645,
            -0.2000000029802322,
            0,
            0,
            -1,
            0
         ],
         "186B4" : [
            -0.1489644199609756,
            0.4092966914176941,
            -0.3799999952316284,
            0,
            0,
            0,
            -0.109999991953373,
            0
         ],
         "186B5" : [
            0.3400000035762787,
            -0.01999999955296516,
            0.1599999964237213,
            0,
            0,
            -0.2000000029802322,
            0,
            0
         ],
         "186B6" : [
            0,
            -0.7682678699493408,
            -0.01999999955296516,
            0,
            0,
            0,
            -0.2900000214576721,
            0
         ],
         "186B7" : [
            0,
            0.8647247552871704,
            -0.6000000238418579,
            0,
            0,
            0,
            0.300000011920929,
            0
         ],
         "186B8" : [ 0, -1, 0.8999999761581421, 0, 0, 0, -0.5, 0 ],
         "186B9" : [
            0.01203710585832596,
            -0.6862120032310486,
            -0.119999997317791,
            0,
            0,
            0,
            0,
            0
         ],
         "186BA" : [ 0.1800000071525574, 0.1099999994039536, -1, 0, 0, 0, 0, 0 ],
         "186BB" : [ 0, -0.2291937917470932, -0.9985115528106689, 0, 0, 0, 0, 0 ],
         "274E" : [ -0.5299999713897705, -0.7400000095367432, 0, 0, 0, 0, 0, 0 ],
         "274F" : [ 0, -0.3864203691482544, 1, 0, 0, 0, 0, 0 ]
      },
      "Values" : [ -0.01999999955296516, 0, 0, 0, 0 ]
   },
   "TintOrder" : [
      "4DF",
      "72A",
      "527",
      "528",
      "746",
      "756",
      "744",
      "720",
      "51F",
      "490",
      "6B6",
      "6C1",
      "6D9",
      "6DA"
   ],
   "Tints" : {
      "490" : {
         "Color" : 11185855,
         "ColorID" : 1163,
         "Percent" : 100,
         "Type" : 1
      },
      "4DF" : {
         "Percent" : 100,
         "Type" : 2
      },
      "51F" : {
         "Color" : 2511223,
         "ColorID" : 1867,
         "Percent" : 90,
         "Type" : 1
      },
      "527" : {
         "Percent" : 48,
         "Type" : 2
      },
      "528" : {
         "Color" : 1713472,
         "ColorID" : 1335,
         "Percent" : 84,
         "Type" : 1
      },
      "6B6" : {
         "Color" : 6439796,
         "ColorID" : 1658,
         "Percent" : 52,
         "Type" : 1
      },
      "6C1" : {
         "Percent" : 65,
         "Type" : 2
      },
      "6D9" : {
         "Percent" : 12,
         "Type" : 2
      },
      "6DA" : {
         "Percent" : 16,
         "Type" : 2
      },
      "720" : {
         "Color" : 14949273,
         "ColorID" : 1865,
         "Percent" : 50,
         "Type" : 1
      },
      "72A" : {
         "Color" : 2575220,
         "ColorID" : 1876,
         "Percent" : 58,
         "Type" : 1
      },
      "744" : {
         "Color" : 0,
         "ColorID" : 1824,
         "Percent" : 90,
         "Type" : 1
      },
      "746" : {
         "Color" : 2436920,
         "ColorID" : 1836,
         "Percent" : 90,
         "Type" : 1
      },
      "756" : {
         "Color" : 0,
         "ColorID" : 1824,
         "Percent" : 100,
         "Type" : 1
      }
   },
   "Weight" : [ 0.3781000077724457, 0.3264000117778778, 0.2955000102519989 ]
}
