{
   "Gender" : 1,
   "HairColor" : "Fallout4.esm|19EE5F",
   "HeadParts" : [
      "Fallout4.esm|04D0ED",
      "Fallout4.esm|04D0EB",
      "Fallout4.esm|04D0E9",
      "Fallout4.esm|0CFB4E",
      "Fallout4.esm|0CFB3F",
      "Fallout4.esm|11CCBC"
   ],
   "Morphs" : {
      "Presets" : {
         "36EF34FC" : 1,
         "36EF3566" : 0.6100000143051147,
         "36EF35D7" : 0.2300000041723251,
         "36EF35D8" : -0.1099999994039536,
         "36EF35F0" : 1,
         "36EF3651" : 1,
         "36EF3672" : 1
      },
      "Regions" : {
         "186A0" : [
            -0.2239954322576523,
            1,
            -0.05999999865889549,
            0.1599999964237213,
            0,
            0,
            0,
            0
         ],
         "186A1" : [ -0.6909631490707397, -1, -0.7099999785423279, 0, 0, 0, 0, 0 ],
         "186A2" : [ -0.4740884602069855, -1, -0.7400000095367432, 0, 0, 0, 0, 0 ],
         "186A3" : [
            0.449999988079071,
            -0.02999999932944775,
            -0.4900000095367432,
            0,
            0,
            0,
            -0.300000011920929,
            0
         ],
         "186A4" : [
            0,
            -0.1031469777226448,
            -0.03999999910593033,
            0,
            0,
            0,
            0.03999999910593033,
            0
         ],
         "186A5" : [
            -0.2000000029802322,
            -0.223286435008049,
            -0.2800000011920929,
            0,
            -0.2000000029802322,
            0,
            0.009999999776482582,
            0
         ],
         "186A8" : [ 1, -0.09283630549907684, 0, 0, 0, 0, 0, 0 ],
         "186A9" : [
            -0.365644782781601,
            -0.09000000357627869,
            -0.5400000214576721,
            0,
            0,
            0,
            -0.03999999910593033,
            0
         ],
         "186AA" : [
            0.009999999776482582,
            -0.2000000029802322,
            -0.1599999964237213,
            0,
            0,
            0,
            -0.2800000011920929,
            0
         ],
         "186AB" : [
            0.550000011920929,
            0.3056917190551758,
            -0.3799999952316284,
            0,
            0,
            0,
            -1.192092913271381e-08,
            0
         ],
         "186AC" : [
            -0.01999999955296516,
            -0.4900000095367432,
            -0.1000000014901161,
            0,
            0,
            0,
            0,
            0
         ],
         "186AD" : [ 0, -0.1500000059604645, -0.5099999904632568, 0, 0, 0, 0, 0 ],
         "186AE" : [
            -0.08162367343902588,
            -0.1690078973770142,
            -0.449999988079071,
            0,
            0,
            0,
            -0.05000000074505806,
            0
         ],
         "186AF" : [ 0, 0, -0.5, 0, 0, 0, 0, 0 ],
         "186B0" : [
            0.2700000107288361,
            -0.2700000107288361,
            -0.9399999976158142,
            -0.1700000017881393,
            0,
            0,
            0.2099999934434891,
            0
         ],
         "186B1" : [
            0.3400000035762787,
            -0.4300000071525574,
            0.1800000071525574,
            0,
            0,
            0,
            1,
            0
         ],
         "186B2" : [
            0,
            -0.5412891507148743,
            -0.6299999952316284,
            0,
            0,
            0,
            -0.9800000190734863,
            0
         ],
         "186B3" : [
            0.1860720217227936,
            -0.6899999976158142,
            -0.1000000014901161,
            0,
            0,
            0,
            0.5699999928474426,
            0
         ],
         "186B4" : [
            0.02912040613591671,
            -0.1800407022237778,
            -0.7900000214576721,
            0,
            0,
            0,
            -0.1000000014901161,
            0
         ],
         "186B5" : [
            0.2899999916553497,
            -0.09000000357627869,
            0.550000011920929,
            0,
            0,
            -0.1400000005960464,
            0,
            0
         ],
         "186B6" : [
            0,
            0.05999999865889549,
            -0.119999997317791,
            0,
            0,
            0,
            -0.3499999940395355,
            0
         ],
         "186B7" : [ 0, 0, -0.3799999952316284, 0, 0, 0, 0.01999999955296516, 0 ],
         "186B8" : [ 0, -1, -1, 0, 0, 0, 0.239999994635582, 0 ],
         "186B9" : [
            0.133368968963623,
            0.2899999916553497,
            -0.8700000047683716,
            0,
            0,
            0,
            0,
            0
         ],
         "186BA" : [
            0.8299999833106995,
            0.07999999821186066,
            -0.3799999952316284,
            0,
            0,
            0,
            0,
            0
         ],
         "186BB" : [ 0, 0.1800000071525574, -0.7799999713897705, 0, 0, 0, 0, 0 ],
         "274E" : [
            -0.1800000071525574,
            -0.5600000023841858,
            -0.03999999910593033,
            0,
            0,
            0,
            0,
            0
         ],
         "274F" : [ 0, -0.3499999940395355, 0.02999999932944775, 0, 0, 0, 0, 0 ]
      },
      "Values" : [ 0.4099999964237213, 0, 0, 0, 0 ]
   },
   "TintOrder" : [
      "4D7",
      "528",
      "51E",
      "51F",
      "6BF",
      "6C4",
      "6C8",
      "6CB",
      "6CC",
      "6CF",
      "6D2",
      "6D8",
      "6DA",
      "6DB",
      "6DE",
      "6E0"
   ],
   "Tints" : {
      "4D7" : {
         "Percent" : 100,
         "Type" : 2
      },
      "51E" : {
         "Color" : 3091499,
         "ColorID" : -1,
         "Percent" : 48,
         "Type" : 1
      },
      "51F" : {
         "Color" : 0,
         "ColorID" : 1824,
         "Percent" : 13,
         "Type" : 1
      },
      "528" : {
         "Color" : 1446722,
         "ColorID" : -1,
         "Percent" : 13,
         "Type" : 1
      },
      "6BF" : {
         "Percent" : 28,
         "Type" : 2
      },
      "6C4" : {
         "Percent" : 11,
         "Type" : 2
      },
      "6C8" : {
         "Percent" : 9,
         "Type" : 2
      },
      "6CB" : {
         "Percent" : 21,
         "Type" : 2
      },
      "6CC" : {
         "Percent" : 25,
         "Type" : 2
      },
      "6CF" : {
         "Percent" : 48,
         "Type" : 2
      },
      "6D2" : {
         "Percent" : 13,
         "Type" : 2
      },
      "6D8" : {
         "Percent" : 16,
         "Type" : 2
      },
      "6DA" : {
         "Percent" : 28,
         "Type" : 2
      },
      "6DB" : {
         "Percent" : 8,
         "Type" : 2
      },
      "6DE" : {
         "Percent" : 3,
         "Type" : 2
      },
      "6E0" : {
         "Percent" : 4,
         "Type" : 2
      }
   },
   "Weight" : [ 0.3314000070095062, 0.3873000144958496, 0.2813999950885773 ]
}
