{
   "Gender" : 1,
   "HairColor" : "Fallout4.esm|19EE62",
   "HeadParts" : [
      "Fallout4.esm|144A9B",
      "Fallout4.esm|14EC2A",
      "Fallout4.esm|04D0E9",
      "Fallout4.esm|0CFB4E",
      "Fallout4.esm|0CFB3F",
      "Fallout4.esm|11CCBC"
   ],
   "Morphs" : {
      "Presets" : {
         "36EF34FA" : 1,
         "36EF351C" : -0.6100000143051147,
         "36EF3523" : 1,
         "36EF35D7" : 0.5630018711090088,
         "36EF35D8" : 0.9232420921325684,
         "36EF35D9" : 0.7699999809265137,
         "36EF35DA" : -0.8399999737739563,
         "36EF35FE" : 1,
         "36EF3674" : 1
      },
      "Regions" : {
         "186A0" : [ 0, -0.25, 0, 0.3400000035762787, 0, 0, 0, 0 ],
         "186A1" : [ 0, -0.4099999964237213, 0, 0, 0, 0, 0, 0 ],
         "186A2" : [
            -0.119999997317791,
            -0.4300000071525574,
            -0.5899999737739563,
            0,
            0,
            0,
            0,
            0
         ],
         "186A3" : [
            0.4099999964237213,
            -0.7900000214576721,
            0.07999999821186066,
            0,
            0,
            0,
            0.6399999856948853,
            0
         ],
         "186A4" : [ 0, -1, 0.05999999865889549, 0, 0, 0, 0, 0 ],
         "186A5" : [
            0,
            -0.1426732689142227,
            -0.8277636170387268,
            0,
            -0.300000011920929,
            0,
            -0.1300000101327896,
            0
         ],
         "186A9" : [
            0,
            -0.2000000029802322,
            -0.1400000005960464,
            0,
            0,
            0,
            0.1599999964237213,
            0
         ],
         "186AA" : [ 0, 0.4900000095367432, 0, 0, 0, 0, 0, 0 ],
         "186AB" : [ 0, 0, -0.5400000214576721, 0, 0, 0, 0, 0 ],
         "186AC" : [ 0, -1, -0.60651695728302, 0, 0, 0, 0, 0 ],
         "186AE" : [
            0.005023394245654345,
            0.2202854603528976,
            -0.300000011920929,
            -0.5,
            0,
            0,
            0.1599999964237213,
            0
         ],
         "186B0" : [
            0.3050973415374756,
            -0.7164527773857117,
            -0.4000000059604645,
            0,
            0,
            0.2499999701976776,
            -0.03999998420476913,
            0
         ],
         "186B1" : [
            0,
            0.5199999809265137,
            -0.4799999892711639,
            -0.2099999934434891,
            0,
            0,
            -0.2199999988079071,
            0
         ],
         "186B2" : [
            0,
            -0.01999999955296516,
            -0.7099999785423279,
            0,
            0,
            0,
            0.7300000190734863,
            0
         ],
         "186B3" : [
            0,
            0.09000000357627869,
            -0.05000000074505806,
            0,
            0,
            0,
            -0.09000000357627869,
            0
         ],
         "186B4" : [
            0,
            0.2599999904632568,
            -0.8600000143051147,
            0,
            0,
            0,
            0.2300000041723251,
            0
         ],
         "186B5" : [ 0.3628841638565063, 0.1829565316438675, 0.5, 0, 0, 1, 0, 0 ],
         "186B6" : [ 0, 0, 0.2700000107288361, 0, 0, 0, -0.3199999928474426, 0 ],
         "186B7" : [
            0,
            -0.1000000014901161,
            0.1899999976158142,
            0,
            0,
            0,
            -0.4799999892711639,
            0
         ],
         "186B8" : [ 0, -1, -1, 0, 0, 0, -0.5, 0 ],
         "186B9" : [ 0, -0.7099999785423279, 0.2899999916553497, 0, 0, 0, 0, 0 ],
         "186BA" : [ 0.5, -0.3199999928474426, -0.8399999737739563, 0, 0, 0, 0, 0 ],
         "186BB" : [ 0, 0, 0.6700000166893005, 0, 0, 0, 0, 0 ],
         "274E" : [
            -0.07999999821186066,
            -0.1400000005960464,
            0.2300000041723251,
            0,
            0,
            0,
            0,
            0
         ],
         "274F" : [ 0, 0.9882083535194397, 1, 0, 0, 0, 0, 0 ]
      },
      "Values" : [
         0,
         0.5400000214576721,
         -0.5099999904632568,
         -0.1000000014901161,
         -0.6100000143051147
      ]
   },
   "TintOrder" : [
      "4DE",
      "528",
      "746",
      "744",
      "752",
      "720",
      "51F",
      "6C2",
      "6C4",
      "6C6",
      "6C9",
      "6CA",
      "6CD",
      "6CE",
      "6D9",
      "6DA",
      "6B7",
      "6B8"
   ],
   "Tints" : {
      "4DE" : {
         "Percent" : 100,
         "Type" : 2
      },
      "51F" : {
         "Color" : 8093070,
         "ColorID" : 1870,
         "Percent" : 29,
         "Type" : 1
      },
      "528" : {
         "Color" : 1315418,
         "ColorID" : 1332,
         "Percent" : 61,
         "Type" : 1
      },
      "6B7" : {
         "Percent" : 35,
         "Type" : 2
      },
      "6B8" : {
         "Percent" : 38,
         "Type" : 2
      },
      "6C2" : {
         "Percent" : 8,
         "Type" : 2
      },
      "6C4" : {
         "Percent" : 17,
         "Type" : 2
      },
      "6C6" : {
         "Percent" : 8,
         "Type" : 2
      },
      "6C9" : {
         "Percent" : 9,
         "Type" : 2
      },
      "6CA" : {
         "Percent" : 9,
         "Type" : 2
      },
      "6CD" : {
         "Percent" : 6,
         "Type" : 2
      },
      "6CE" : {
         "Percent" : 14,
         "Type" : 2
      },
      "6D9" : {
         "Percent" : 19,
         "Type" : 2
      },
      "6DA" : {
         "Percent" : 14,
         "Type" : 2
      },
      "720" : {
         "Color" : 13355873,
         "ColorID" : 1873,
         "Percent" : 90,
         "Type" : 1
      },
      "744" : {
         "Color" : 0,
         "ColorID" : 1824,
         "Percent" : 90,
         "Type" : 1
      },
      "746" : {
         "Color" : 2436920,
         "ColorID" : 1836,
         "Percent" : 90,
         "Type" : 1
      },
      "752" : {
         "Color" : 8093070,
         "ColorID" : 1870,
         "Percent" : 90,
         "Type" : 1
      }
   },
   "Weight" : [ 0.9708666801452637, 0.0291332770138979, 0 ]
}
