{
   "Gender" : 1,
   "HairColor" : "Fallout4.esm|19EE60",
   "HeadParts" : [
      "Fallout4.esm|144A9B",
      "Fallout4.esm|14EC28",
      "Fallout4.esm|04D0E9",
      "Fallout4.esm|0CFB4E",
      "Fallout4.esm|0CFB3F",
      "Fallout4.esm|11CCBC"
   ],
   "Morphs" : {
      "Presets" : {
         "36EF34FC" : 1,
         "36EF352F" : 1,
         "36EF35D7" : 0.1522668153047562,
         "36EF35D8" : 1,
         "36EF35D9" : -0.1713704913854599,
         "36EF35DA" : -0.5756616592407227,
         "36EF3601" : 1
      },
      "Regions" : {
         "186A0" : [
            -0.1425868719816208,
            -1,
            0.01999999955296516,
            -0.300000011920929,
            0,
            0,
            0,
            0
         ],
         "186A1" : [ -0.6016795039176941, 0.246562197804451, 0, 0, 0, 0, 0, 0 ],
         "186A2" : [
            0.3832941353321075,
            -0.5985691547393799,
            0.300000011920929,
            0,
            0,
            0,
            0,
            0
         ],
         "186A3" : [
            -0.07999999821186066,
            0.3921329975128174,
            0.2977634370326996,
            0,
            0,
            0,
            0.1899999976158142,
            0
         ],
         "186A4" : [ 0, -0.01399899832904339, 0.03760256990790367, 0, 0, 0, -1, 0 ],
         "186A5" : [
            0,
            0.449999988079071,
            -0.05000000074505806,
            0,
            -0.1099999994039536,
            0,
            -0.05000000074505806,
            0
         ],
         "186A9" : [
            0.004743778146803379,
            -0.1348902732133865,
            0.009999996051192284,
            0,
            0,
            0,
            -0.01999999955296516,
            0
         ],
         "186AA" : [ 0, -0.1323355287313461, -0.03249501809477806, 0, 0, 0, 0, 0 ],
         "186AB" : [
            0.8999999761581421,
            -0.9970108866691589,
            -0.588110625743866,
            0,
            0,
            0,
            -0.949999988079071,
            0
         ],
         "186AC" : [ -1, -0.9841743111610413, 0.04127054288983345, 0, 0, 0, 0, 0 ],
         "186AE" : [
            4.443158468347974e-05,
            0.06987804174423218,
            -0.3799999952316284,
            0,
            0,
            0,
            0.01999999210238457,
            0
         ],
         "186AF" : [ 0, 0, -0.5899999737739563, 0, 0, 0, 0, 0 ],
         "186B0" : [
            0.5513777136802673,
            -0.3776573240756989,
            0.2599999904632568,
            0,
            0,
            0.5799999833106995,
            -0.2400000095367432,
            0
         ],
         "186B1" : [
            0,
            -0.6399999856948853,
            -0.3499999940395355,
            -0.4000000059604645,
            0,
            0,
            1,
            0
         ],
         "186B2" : [ 0, -0.667381227016449, -0.5099999904632568, 0, 0, 0, -0.5, 0 ],
         "186B3" : [
            0.00123522465582937,
            0.0327608585357666,
            -0.3499999940395355,
            -0.800000011920929,
            0,
            0,
            -0.07000000774860382,
            0
         ],
         "186B4" : [
            -0.1516463458538055,
            0.4128631055355072,
            -0.3799999952316284,
            0,
            0,
            0,
            -0.2099999934434891,
            0
         ],
         "186B5" : [
            0.3400000035762787,
            -0.01999999955296516,
            0.1599999964237213,
            0,
            0,
            0.6000000238418579,
            0,
            0
         ],
         "186B6" : [
            0,
            -0.7682678699493408,
            -0.01999999955296516,
            0,
            0,
            0,
            -0.2900000214576721,
            0
         ],
         "186B7" : [
            0,
            0.7373477220535278,
            -0.4000000059604645,
            0,
            0,
            0,
            0.1000000014901161,
            0
         ],
         "186B8" : [ 0, 1, -0.2000000029802322, 0, 0, 0, -0.300000011920929, 0 ],
         "186B9" : [ 0.003920331131666899, -1, -0.119999997317791, 0, 0, 0, 0, 0 ],
         "186BA" : [ 0.1800000071525574, 0.1099999994039536, -1, 0, 0, 0, 0, 0 ],
         "274E" : [ -0.5299999713897705, -0.7400000095367432, 0, 0, 0, 0, 0, 0 ],
         "274F" : [ 0, -1, 0.2000000029802322, 0, 0, 0, 0, 0 ]
      },
      "Values" : [ 0.02999999932944775, 0, 0, 0, 0 ]
   },
   "TintOrder" : [ "4D9", "729", "743", "744", "490", "6B5", "6B6", "6D9", "6DA" ],
   "Tints" : {
      "490" : {
         "Color" : 14211817,
         "ColorID" : 1158,
         "Percent" : 100,
         "Type" : 1
      },
      "4D9" : {
         "Percent" : 100,
         "Type" : 2
      },
      "6B5" : {
         "Percent" : 39,
         "Type" : 2
      },
      "6B6" : {
         "Color" : 6439796,
         "ColorID" : 1658,
         "Percent" : 52,
         "Type" : 1
      },
      "6D9" : {
         "Percent" : 25,
         "Type" : 2
      },
      "6DA" : {
         "Percent" : 26,
         "Type" : 2
      },
      "729" : {
         "Color" : 4733065,
         "ColorID" : 1306,
         "Percent" : 39,
         "Type" : 1
      },
      "743" : {
         "Color" : 2436920,
         "ColorID" : 1836,
         "Percent" : 90,
         "Type" : 1
      },
      "744" : {
         "Color" : 2436920,
         "ColorID" : 1836,
         "Percent" : 90,
         "Type" : 1
      }
   },
   "Weight" : [ 0.5424121618270874, 0.243206262588501, 0.2143815755844116 ]
}
