{
   "Gender" : 1,
   "HairColor" : "Fallout4.esm|19EE60",
   "HeadParts" : [
      "Fallout4.esm|14EC28",
      "Fallout4.esm|0E12A1",
      "Fallout4.esm|0CFB4E",
      "Fallout4.esm|04D0E9",
      "Fallout4.esm|0CFB3F",
      "Fallout4.esm|11CCBC"
   ],
   "Morphs" : {
      "Presets" : {
         "36EF34FC" : 1,
         "36EF351C" : 0.4099999964237213,
         "36EF352B" : 1,
         "36EF35D7" : 0.4766928851604462,
         "36EF35D8" : -0.8792927265167236,
         "36EF35D9" : -0.03134682402014732,
         "36EF35DA" : -0.5393210649490356,
         "36EF3678" : 1
      },
      "Regions" : {
         "186A0" : [
            -0.0154282758012414,
            -0.7203075289726257,
            -0.7699999809265137,
            -0.300000011920929,
            0,
            0,
            0,
            0
         ],
         "186A1" : [
            -0.08882778137922287,
            0.6128746867179871,
            -0.3199999928474426,
            0,
            0,
            0,
            0,
            0
         ],
         "186A2" : [ 0.2693360149860382, 0.4776954650878906, 0, 0, 0, 0, 0, 0 ],
         "186A3" : [ 0.5, 0.4457716643810272, 0.2827624678611755, 0, 0, 0, 0.5, 0 ],
         "186A5" : [ 0, 0.3848305940628052, -0.9999973177909851, 0, 0, 0, 0, 0 ],
         "186A8" : [ 0, 0, -1, 0, 0, 0, 0, 0 ],
         "186A9" : [
            0.01416322309523821,
            0.1409795135259628,
            -0.8199999928474426,
            0,
            0,
            0,
            0.800000011920929,
            0
         ],
         "186AA" : [ -1, 0.3919122219085693, -1, 0, 0, 0, -1, 0 ],
         "186AB" : [
            0,
            0.7263379096984863,
            -0.7492059469223022,
            0,
            0,
            0,
            0.05000000074505806,
            0
         ],
         "186AC" : [
            -0.800000011920929,
            -0.2335353642702103,
            -0.9726095795631409,
            0,
            0,
            0,
            0,
            0
         ],
         "186AD" : [ 0, 1, -0.2398619055747986, 0, 0, 0, 0, 0 ],
         "186AE" : [
            0.2772909104824066,
            0.3816250562667847,
            -0.800000011920929,
            -0.4000000059604645,
            0,
            0,
            -0.1700000166893005,
            0
         ],
         "186AF" : [ 0, 0, -0.7799999713897705, 0, 0, 0, 0, 0 ],
         "186B0" : [
            0.4071073830127716,
            -0.1139362454414368,
            0.1299999952316284,
            0,
            0,
            0.6000000238418579,
            0.1099999994039536,
            0
         ],
         "186B1" : [
            0.01173592638224363,
            -0.320106029510498,
            -0.5,
            -0.6000000238418579,
            0,
            0,
            1,
            0
         ],
         "186B2" : [ 0, 0, -0.800000011920929, 0, 0, 0, 1, 0 ],
         "186B3" : [ 0, 0, -0.9800000190734863, -1, 0, 0, 0.1800000071525574, 0 ],
         "186B4" : [
            0.01462139468640089,
            0.6280730366706848,
            -1,
            0,
            0,
            0,
            -0.1000000014901161,
            0
         ],
         "186B5" : [ -0.5641074180603027, 0.6023151278495789, -1, 0, 0, 1, 0, 0 ],
         "186B6" : [ 0, 1, -0.699999988079071, 0, 0, 0, 0.7699999809265137, 0 ],
         "186B7" : [ 0, -1, -1, 0, 0, 0, 1, 0 ],
         "186B8" : [ 0, -1, 1, 0, 0, 0, -0.8999999761581421, 0 ],
         "186B9" : [ 0.03392240405082703, -1, 0.300000011920929, 0, 0, 0, 0, 0 ],
         "186BA" : [ 0, 0, -0.8999999761581421, 0, 0, 0, 0, 0 ],
         "186BB" : [ 0, 1, -0.910949170589447, 0, 0, 0, 0, 0 ],
         "274E" : [ 0, -0.2259315848350525, -0.004922711290419102, 0, 0, 0, 0, 0 ]
      },
      "Values" : [ -0.119999997317791, 0, 0, 0.3899999856948853, 0.2800000011920929 ]
   },
   "TintOrder" : [ "729", "527", "743", "490", "6B6", "6DA" ],
   "Tints" : {
      "490" : {
         "Color" : 8285035,
         "ColorID" : 1286,
         "Percent" : 100,
         "Type" : 1
      },
      "527" : {
         "Percent" : 25,
         "Type" : 2
      },
      "6B6" : {
         "Color" : 13021597,
         "ColorID" : 1657,
         "Percent" : 50,
         "Type" : 1
      },
      "6DA" : {
         "Percent" : 9,
         "Type" : 2
      },
      "729" : {
         "Color" : 4733065,
         "ColorID" : 1306,
         "Percent" : 39,
         "Type" : 1
      },
      "743" : {
         "Color" : 0,
         "ColorID" : 1824,
         "Percent" : 100,
         "Type" : 1
      }
   },
   "Weight" : [ 0.3809691667556763, 0.4707748889923096, 0.1482559442520142 ]
}
