{
   "Gender" : 0,
   "HairColor" : "Fallout4.esm|19EE5E",
   "HeadParts" : [
      "Fallout4.esm|094D04",
      "Fallout4.esm|1E55B9",
      "Fallout4.esm|0639DC",
      "Fallout4.esm|051631",
      "Fallout4.esm|01F735",
      "Fallout4.esm|01EEBB",
      "Fallout4.esm|0B1759"
   ],
   "Morphs" : {
      "Presets" : {
         "36EF34BA" : 1,
         "36EF35AA" : 1,
         "36EF35D3" : 1,
         "36EF35D4" : -1,
         "36EF35D5" : 1,
         "36EF35D6" : 0.9367671012878418,
         "36EF3611" : 1,
         "36EF3614" : 1
      },
      "Regions" : {
         "0" : [ 0.04336339607834816, 1, -1, 0.8999999761581421, 0, 0, 0, 0 ],
         "1" : [ -0.7557730078697205, -1, 0.4099999964237213, 0, 0, 0, 0, 0 ],
         "19" : [ 0, -1, -0.3999999761581421, 0, 0, 0, 0.4000000059604645, 0 ],
         "1A" : [ 0.2729901671409607, 0.2105102241039276, 0, 0, 0, 0, 0, 0 ],
         "1B" : [ -1, -0.2481113076210022, -0.1000000014901161, 0, 0, 0, 0, 0 ],
         "2" : [ -1, -0.5730096101760864, 0.6000000238418579, 0, 0, 0, 0, 0 ],
         "3" : [
            0.1000000014901161,
            -0.1102223619818687,
            0.02616780996322632,
            0,
            0,
            0,
            1,
            0
         ],
         "36EF34BA" : [
            1,
            0.7928608655929565,
            0.689521312713623,
            0,
            0,
            0,
            0.8999999761581421,
            0
         ],
         "36EF34BB" : [
            -0.1800000071525574,
            -0.2800000011920929,
            -0.119999997317791,
            0,
            0,
            0,
            0,
            0
         ],
         "36EF34BC" : [ 0, 0.08929268270730972, 1, 0, 0, 0, 0, 0 ],
         "36EF34BD" : [
            -0.1266364455223083,
            -0.02095066569745541,
            0.0299999974668026,
            0,
            0,
            0,
            0.2000000029802322,
            0
         ],
         "36EF34BE" : [ 0, 0, -0.119999997317791, 0, 0, 0, 0, 0 ],
         "36EF34BF" : [
            -0.1992676854133606,
            0.3390445113182068,
            0.1000000014901161,
            0,
            0,
            -0.1000000014901161,
            -0.08999999612569809,
            0
         ],
         "36EF34C0" : [ 0, 0.002763719065114856, 0.4633963108062744, 0, 0, 0, 0, 0 ],
         "36EF34C1" : [
            -0.03629811853170395,
            1,
            -0.300000011920929,
            -0.4000000059604645,
            0,
            0,
            -0.25,
            0
         ],
         "36EF34C2" : [ 0, -0.6858336329460144, -0.07000000029802322, 0, 0, 0, 1, 0 ],
         "36EF34C3" : [
            -0.1823431849479675,
            -0.1720820814371109,
            -0.699999988079071,
            0,
            0,
            0,
            0.01999999955296516,
            0
         ],
         "36EF34C4" : [
            0.01449220720678568,
            0.1957834362983704,
            -0.09999999403953552,
            0,
            0,
            0,
            0.2099999934434891,
            0
         ],
         "36EF34C5" : [
            0.3400000035762787,
            0.1000000014901161,
            0.3400000035762787,
            0,
            0,
            0,
            0,
            0
         ],
         "36EF34C6" : [
            0,
            -0.8795540928840637,
            -0.8999999761581421,
            0,
            0,
            0,
            0.1299999952316284,
            0
         ],
         "36EF34C7" : [
            0,
            -0.1866903007030487,
            0.2000000029802322,
            0,
            0,
            0,
            -0.4399999976158142,
            0
         ],
         "3E" : [
            0.2099999934434891,
            0.2689277827739716,
            0.6307097673416138,
            0,
            0,
            0,
            0,
            0
         ],
         "3F" : [ 0, 0.2569676339626312, 0.3100000023841858, 0, 0, 0, 0, 0 ],
         "4" : [ 0, 0, -0.1049944758415222, 0, 0, 0, 0.07999999821186066, 0 ],
         "5" : [
            -1.490116141589226e-09,
            0.5479369163513184,
            -0.6584978103637695,
            0,
            -1.490116141589226e-09,
            0,
            -0.1000000089406967,
            0
         ],
         "6" : [ 1, -0.0004540827940218151, 0, 0, 0, 0, 0, 0 ],
         "7" : [
            0.5530345439910889,
            0.3361558616161346,
            0.2800000011920929,
            0,
            0,
            0,
            0,
            0
         ],
         "9" : [
            0.2805780172348022,
            1,
            0.1000000014901161,
            0,
            0,
            0,
            0.6200000047683716,
            0
         ],
         "A" : [ -1, 0.5429167747497559, 0.3824490308761597, 0, 0, 0, -1, 0 ]
      },
      "Values" : [ 0, 0, 0, -0.009999999776482582, -0.01999999955296516 ]
   },
   "TintOrder" : [
      "4AE",
      "484",
      "548",
      "54A",
      "550",
      "49B",
      "55F",
      "616",
      "4EB",
      "564",
      "5D7",
      "61C"
   ],
   "Tints" : {
      "484" : {
         "Color" : 8285035,
         "ColorID" : 1282,
         "Percent" : 100,
         "Type" : 1
      },
      "49B" : {
         "Percent" : 32,
         "Type" : 2
      },
      "4AE" : {
         "Percent" : 100,
         "Type" : 2
      },
      "4EB" : {
         "Percent" : 52,
         "Type" : 2
      },
      "548" : {
         "Percent" : 39,
         "Type" : 2
      },
      "54A" : {
         "Percent" : 28,
         "Type" : 2
      },
      "550" : {
         "Percent" : 66,
         "Type" : 2
      },
      "55F" : {
         "Percent" : 45,
         "Type" : 2
      },
      "564" : {
         "Percent" : 35,
         "Type" : 2
      },
      "5D7" : {
         "Percent" : 52,
         "Type" : 2
      },
      "616" : {
         "Color" : 14537443,
         "ColorID" : 1662,
         "Percent" : 100,
         "Type" : 1
      },
      "61C" : {
         "Percent" : 34,
         "Type" : 2
      }
   },
   "Weight" : [ 0.3063794076442719, 0.6662884950637817, 0.02733206748962402 ]
}
