{
   "Gender" : 0,
   "HairColor" : "Fallout4.esm|19EE61",
   "HeadParts" : [
      "Fallout4.esm|135A9E",
      "Fallout4.esm|1E5E78",
      "Fallout4.esm|0209F4",
      "Fallout4.esm|051631",
      "Fallout4.esm|01F735",
      "Fallout4.esm|01EEBB",
      "Fallout4.esm|0B1759"
   ],
   "Morphs" : {
      "Presets" : {
         "36EF34B0" : 0.6199253797531128,
         "36EF34C3" : 0.8137360215187073,
         "36EF34E9" : 1,
         "36EF35D3" : -0.7610234022140503,
         "36EF35D4" : -1,
         "36EF35D5" : -0.9500258564949036,
         "36EF35D6" : -0.412828117609024,
         "36EF3614" : 1
      },
      "Regions" : {
         "0" : [
            0.5248589515686035,
            0.5432927012443542,
            -0.300000011920929,
            0.6000000238418579,
            0,
            0,
            0,
            0
         ],
         "1" : [ -1, -0.3916626870632172, 0.4099999964237213, 0, 0, 0, 0, 0 ],
         "19" : [ 0, 1, 1, 0, 0, 0, 1, 0 ],
         "1A" : [
            0.1706675887107849,
            -0.8903741240501404,
            0.300000011920929,
            0,
            0,
            0,
            0,
            0
         ],
         "1B" : [ -1, -0.3281970024108887, -1, 0, 0, 0, 0, 0 ],
         "2" : [ -0.9964625239372253, -1, 0.6000000238418579, 0, 0, 0, 0, 0 ],
         "3" : [
            0.1000000089406967,
            -0.1018794551491737,
            0.3732394278049469,
            0,
            0,
            0,
            0.800000011920929,
            0
         ],
         "36EF34BA" : [
            -0.3507451713085175,
            0.8578266501426697,
            -1,
            0,
            0,
            0,
            0.4000000059604645,
            0
         ],
         "36EF34BB" : [
            -0.1800000071525574,
            -0.3541499376296997,
            0.3505540192127228,
            0,
            0,
            0,
            0,
            0
         ],
         "36EF34BC" : [ 0, -1, 1, 0, 0, 0, 0, 0 ],
         "36EF34BD" : [
            -0.1377439498901367,
            -0.02187033370137215,
            -0.5699999928474426,
            -0.300000011920929,
            0,
            0,
            0.3999999761581421,
            0
         ],
         "36EF34BE" : [ 0, 0, -1, 0, 0, 0, 0, 0 ],
         "36EF34BF" : [
            -0.7849643230438232,
            -0.2527617216110229,
            0.2999999821186066,
            0,
            0,
            0.4000000059604645,
            0.6100000143051147,
            0
         ],
         "36EF34C0" : [ 0, -0.1463140547275543, 0.7436113953590393, 0, 0, 0, 0, 0 ],
         "36EF34C1" : [
            -0.4230974018573761,
            -1,
            0.03000000491738319,
            0.2000000029802322,
            0,
            0,
            1,
            0
         ],
         "36EF34C2" : [ 0, -1, -1, 0, 0, 0, 1, 0 ],
         "36EF34C3" : [
            -0.06596808135509491,
            -1,
            -0.300000011920929,
            1.387778780781446e-16,
            0,
            0,
            0.1000000089406967,
            0
         ],
         "36EF34C4" : [
            -0.02767878957092762,
            0.06129469349980354,
            -0.6000000238418579,
            0,
            0,
            0,
            -0.2999999821186066,
            0
         ],
         "36EF34C5" : [
            0.4586984813213348,
            -0.01067784149199724,
            1,
            0,
            0,
            -0.2000000029802322,
            0,
            0
         ],
         "36EF34C6" : [
            0,
            -0.13456991314888,
            -0.6000000238418579,
            0,
            0,
            0,
            -0.3999999761581421,
            0
         ],
         "36EF34C7" : [
            0,
            0.5934811234474182,
            -0.1000000014901161,
            0,
            0,
            0,
            0.1599999964237213,
            0
         ],
         "3E" : [
            0.2099999934434891,
            0.8486229777336121,
            0.4158459901809692,
            0,
            0,
            0,
            0,
            0
         ],
         "3F" : [ 0, -0.8059970140457153, 0.300000011920929, 0, 0, 0, 0, 0 ],
         "4" : [ 0, 0, 0.07594217360019684, 0, 0, 0, 1, 0 ],
         "5" : [
            0.800000011920929,
            -0.8825889229774475,
            0.01956533081829548,
            0,
            0.300000011920929,
            0,
            -0.2000000178813934,
            0
         ],
         "6" : [ 0.9146501421928406, 0.5972243547439575, 0, 0, 0, 0, 0, 0 ],
         "7" : [
            0.5530345439910889,
            0.3361558616161346,
            0.2800000011920929,
            0,
            0,
            0,
            0,
            0
         ],
         "9" : [
            0.2061010748147964,
            0.7136723399162292,
            -0.6000000238418579,
            0,
            0,
            0,
            0.1000000089406967,
            0
         ],
         "A" : [
            -1,
            0.1725314408540726,
            -0.9957895278930664,
            0,
            0,
            0,
            -0.4000000059604645,
            0
         ]
      },
      "Values" : [ 0, 0, 0, -0.1599999964237213, -0.4600000083446503 ]
   },
   "TintOrder" : [ "4AB", "484", "616", "61C", "4E9", "61A", "4D4" ],
   "Tints" : {
      "484" : {
         "Color" : 10332332,
         "ColorID" : 1164,
         "Percent" : 100,
         "Type" : 1
      },
      "4AB" : {
         "Percent" : 100,
         "Type" : 2
      },
      "4D4" : {
         "Percent" : 12,
         "Type" : 2
      },
      "4E9" : {
         "Percent" : 14,
         "Type" : 2
      },
      "616" : {
         "Color" : 13021597,
         "ColorID" : 1657,
         "Percent" : 50,
         "Type" : 1
      },
      "61A" : {
         "Percent" : 19,
         "Type" : 2
      },
      "61C" : {
         "Percent" : 37,
         "Type" : 2
      }
   },
   "Weight" : [ 0, -0, 1 ]
}
