{
   "Gender" : 0,
   "HairColor" : "Fallout4.esm|19EE61",
   "HeadParts" : [
      "Fallout4.esm|094D04",
      "Fallout4.esm|135A95",
      "Fallout4.esm|1E55CB",
      "Fallout4.esm|051631",
      "Fallout4.esm|01F735",
      "Fallout4.esm|01EEBB",
      "Fallout4.esm|0B1759"
   ],
   "Morphs" : {
      "Presets" : {
         "36EF34C8" : 1,
         "36EF34D9" : 1,
         "36EF34E6" : 1,
         "36EF35B3" : 1,
         "36EF35D3" : -0.9327211380004883,
         "36EF35D4" : 1,
         "36EF35D5" : -0.05132682248950005,
         "36EF35D6" : 0.9260056018829346,
         "36EF3615" : 1
      },
      "Regions" : {
         "0" : [
            0.02504360303282738,
            -0.3920221626758575,
            -1,
            0.6000000238418579,
            0,
            0,
            0,
            0
         ],
         "1" : [
            -0.4256441295146942,
            0.1256489157676697,
            0.4099999964237213,
            0,
            0,
            0,
            0,
            0
         ],
         "19" : [ 0, -1, 0.699999988079071, 0, 0, 0, -1, 0 ],
         "1A" : [
            -0.05696479976177216,
            -0.07491075992584229,
            0.4000000059604645,
            0,
            0,
            0,
            0,
            0
         ],
         "1B" : [ -1, 0.4454540908336639, 0.300000011920929, 0, 0, 0, 0, 0 ],
         "2" : [
            -0.3295609354972839,
            0.5415780544281006,
            0.1000000014901161,
            0,
            0,
            0,
            0,
            0
         ],
         "3" : [
            -0.699999988079071,
            0.2538327872753143,
            0.1290626674890518,
            0,
            0,
            0,
            0.4000000059604645,
            0
         ],
         "36EF34BA" : [
            -0.6000000238418579,
            -0.9027158617973328,
            -0.6856215596199036,
            0,
            0,
            0,
            0.4000000059604645,
            0
         ],
         "36EF34BB" : [
            -0.1800000071525574,
            0.5917247533798218,
            0.5699541568756104,
            0,
            0,
            0,
            0,
            0
         ],
         "36EF34BC" : [ 0, -0.9514936208724976, -0.6330258250236511, 0, 0, 0, 0, 0 ],
         "36EF34BD" : [
            -0.09666897356510162,
            0.5257397890090942,
            0.5299999713897705,
            0.6000000238418579,
            0,
            0,
            2.384185826542762e-08,
            0
         ],
         "36EF34BE" : [ 0, 0, -0.699999988079071, 0, 0, 0, 0, 0 ],
         "36EF34BF" : [
            0.03759410604834557,
            0.3721823990345001,
            0.1999999582767487,
            0,
            0,
            -0.1000000014901161,
            0.4599999785423279,
            0
         ],
         "36EF34C0" : [ 0, 1, 0.7610973119735718, 0, 0, 0, 0, 0 ],
         "36EF34C1" : [
            0.2055297940969467,
            -0.09701547026634216,
            -0.5799999833106995,
            0.6000000238418579,
            0,
            0,
            1,
            0
         ],
         "36EF34C2" : [ 0, -1, -1, 0, 0, 0, 1, 0 ],
         "36EF34C3" : [
            -0.1672870963811874,
            0.7013232111930847,
            -0.300000011920929,
            0.6000000238418579,
            0,
            0,
            0.300000011920929,
            0
         ],
         "36EF34C4" : [
            0.01024845335632563,
            0.8589242696762085,
            -1,
            0,
            0,
            0,
            0.3099999725818634,
            0
         ],
         "36EF34C5" : [
            0.9999998211860657,
            0.2078308314085007,
            1,
            0,
            0,
            0.300000011920929,
            0,
            0
         ],
         "36EF34C6" : [ 0, -1, -1, 0, 0, 0, 0.1000000014901161, 0 ],
         "36EF34C7" : [ 0, 1, 0.800000011920929, 0, 0, 0, -0.7400000095367432, 0 ],
         "3E" : [
            0.4000000059604645,
            0.7468200325965881,
            -0.2076420933008194,
            0,
            0,
            0,
            0,
            0
         ],
         "3F" : [ 0, 0.9934526681900024, 1, 0, 0, 0, 0, 0 ],
         "4" : [ 0, 0, 0.1520382612943649, 0, 0, 0, -0.8999999761581421, 0 ],
         "5" : [
            0.6000000238418579,
            -0.3176667392253876,
            -0.5621264576911926,
            0,
            0.300000011920929,
            0,
            0.699999988079071,
            0
         ],
         "6" : [ 1, -1, 0, 0, 0, 0, 0, 0 ],
         "7" : [ 1, 0.6204317212104797, 0.2800000011920929, 0, 0, 0, 0, 0 ],
         "8" : [ -0.6856973767280579, 1, -0.2000000029802322, 0, 0, 0, -1, 0 ],
         "9" : [
            -0.0222955010831356,
            0.71136873960495,
            -0.2000000029802322,
            0,
            0,
            0,
            -0.800000011920929,
            0
         ],
         "A" : [
            -0.6850878596305847,
            0.8868447542190552,
            0.8562090992927551,
            0,
            0,
            0,
            -0.3400000333786011,
            0
         ]
      }
   },
   "TintOrder" : [
      "4AE",
      "484",
      "54A",
      "49B",
      "55E",
      "4E8",
      "616",
      "49C",
      "4EA",
      "5CF",
      "5C8",
      "4EC",
      "61B",
      "4E9",
      "61A"
   ],
   "Tints" : {
      "484" : {
         "Color" : 14211817,
         "ColorID" : 1158,
         "Percent" : 100,
         "Type" : 1
      },
      "49B" : {
         "Percent" : 21,
         "Type" : 2
      },
      "49C" : {
         "Percent" : 18,
         "Type" : 2
      },
      "4AE" : {
         "Percent" : 100,
         "Type" : 2
      },
      "4E8" : {
         "Percent" : 35,
         "Type" : 2
      },
      "4E9" : {
         "Percent" : 19,
         "Type" : 2
      },
      "4EA" : {
         "Percent" : 38,
         "Type" : 2
      },
      "4EC" : {
         "Percent" : 14,
         "Type" : 2
      },
      "54A" : {
         "Percent" : 45,
         "Type" : 2
      },
      "55E" : {
         "Percent" : 39,
         "Type" : 2
      },
      "5C8" : {
         "Percent" : 36,
         "Type" : 2
      },
      "5CF" : {
         "Percent" : 22,
         "Type" : 2
      },
      "616" : {
         "Color" : 6439796,
         "ColorID" : 1658,
         "Percent" : 52,
         "Type" : 1
      },
      "61A" : {
         "Percent" : 24,
         "Type" : 2
      },
      "61B" : {
         "Percent" : 39,
         "Type" : 2
      }
   },
   "Weight" : [ 0.1414999961853027, 0.6951000094413757, 0.1633999943733215 ]
}
