{
   "Gender" : 0,
   "HairColor" : "Fallout4.esm|19EE5E",
   "HeadParts" : [
      "Fallout4.esm|135AA1",
      "Fallout4.esm|143800",
      "Fallout4.esm|051631",
      "Fallout4.esm|0209F4",
      "Fallout4.esm|01F735",
      "Fallout4.esm|01EEBB",
      "Fallout4.esm|0B1759"
   ],
   "Morphs" : {
      "Presets" : {
         "36EF347F" : 0.362951785326004,
         "36EF34AA" : 0.4660553932189941,
         "36EF34D9" : 1,
         "36EF34E9" : 0.8755054473876953,
         "36EF35D3" : -1,
         "36EF35D4" : -0.4922682344913483,
         "36EF35D5" : 0.1207625269889832,
         "36EF35D6" : 1,
         "36EF360B" : 0.9175732135772705,
         "36EF3614" : 0.736833393573761
      },
      "Regions" : {
         "0" : [ -0.3807215988636017, 0.3961164653301239, -1, 1, 0, 0, 0, 0 ],
         "1" : [ -0.6164870858192444, -0.6689623594284058, -1, 0, 0, 0, 0, 0 ],
         "19" : [ 0, 0.5392536520957947, -1, 0, 0, 0, -1, 0 ],
         "1A" : [
            0.156670868396759,
            0.6663495302200317,
            -0.1000000014901161,
            0,
            0,
            0,
            0,
            0
         ],
         "1B" : [ -1, -0.6537835001945496, -0.800000011920929, 0, 0, 0, 0, 0 ],
         "2" : [ 1, -1, -0.800000011920929, 0, 0, 0, 0, 0 ],
         "3" : [
            0.2000000029802322,
            0.02080946415662766,
            0.1670837104320526,
            0,
            0,
            0,
            -1,
            0
         ],
         "36EF34BA" : [
            0.1999999731779099,
            -0.0516827367246151,
            -0.9973241090774536,
            0,
            0,
            0,
            0.300000011920929,
            0
         ],
         "36EF34BB" : [
            -0.1800000071525574,
            -0.00233798916451633,
            -0.04789445921778679,
            0,
            0,
            0,
            0,
            0
         ],
         "36EF34BC" : [ 0, -1, -1, 0, 0, 0, 0, 0 ],
         "36EF34BD" : [
            -0.2381406426429749,
            0.02662575244903564,
            -0.4699999988079071,
            -1,
            0,
            0,
            -0.09000001847743988,
            0
         ],
         "36EF34BE" : [ 0, 0, -0.2000000178813934, 0, 0, 0, 0, 0 ],
         "36EF34BF" : [
            0.5331917405128479,
            -0.4505069255828857,
            1.192092913271381e-08,
            0,
            0,
            1,
            1.192092913271381e-08,
            0
         ],
         "36EF34C0" : [ 0, 0.9999997615814209, -0.3132717609405518, 0, 0, 0, 0, 0 ],
         "36EF34C1" : [
            -0.6193974018096924,
            1,
            -0.4000000059604645,
            -0.4000000059604645,
            0,
            0,
            1,
            0
         ],
         "36EF34C2" : [ 0, -0.5330337882041931, -1, 0, 0, 0, 1, 0 ],
         "36EF34C3" : [
            -0.6230975389480591,
            -0.7276583313941956,
            -0.699999988079071,
            0.4000000059604645,
            0,
            0,
            0.300000011920929,
            0
         ],
         "36EF34C4" : [
            0.003267935942858458,
            -0.1533817499876022,
            -1,
            0,
            0,
            0,
            -0.699999988079071,
            0
         ],
         "36EF34C5" : [
            -0.4087359011173248,
            0.002828912809491158,
            -0.559999942779541,
            0,
            0,
            0.5,
            0,
            0
         ],
         "36EF34C6" : [ 0, 0.008420274592936039, 1, 0, 0, 0, -0.8999999761581421, 0 ],
         "36EF34C7" : [ 0, -1, 0.2000000029802322, 0, 0, 0, 0.05999999865889549, 0 ],
         "3E" : [ -1, -0.155285581946373, -1, 0, 0, 0, 0, 0 ],
         "3F" : [ 0, 0.02862498536705971, -1, 0, 0, 0, 0, 0 ],
         "4" : [ 0, 0, 0.009136838838458061, 0, 0, 0, -0.4200000166893005, 0 ],
         "5" : [ 0.5, 0.4702946543693542, -1, 0, 0, 0, -1.490116141589226e-09, 0 ],
         "6" : [ 1, -0.0004540827940218151, 0, 0, 0, 0, 0, 0 ],
         "7" : [ -1, 0.3347088098526001, 0.2800000011920929, 0, 0, 0, 0, 0 ],
         "9" : [ 0.09402349591255188, 0.2690986692905426, -1, 0, 0, 0, -1, 0 ],
         "A" : [
            -0.300000011920929,
            -0.6730577945709229,
            0.1084022372961044,
            0,
            0,
            0,
            -1,
            0
         ]
      },
      "Values" : [ 0, 0, 0, -0.1599999964237213, -0.4600000083446503 ]
   },
   "TintOrder" : [ "4CC", "484", "4E8", "61D", "61C", "4E9", "61A" ],
   "Tints" : {
      "484" : {
         "Color" : 14211817,
         "ColorID" : 1158,
         "Percent" : 100,
         "Type" : 1
      },
      "4CC" : {
         "Percent" : 100,
         "Type" : 2
      },
      "4E8" : {
         "Percent" : 39,
         "Type" : 2
      },
      "4E9" : {
         "Percent" : 16,
         "Type" : 2
      },
      "61A" : {
         "Percent" : 17,
         "Type" : 2
      },
      "61C" : {
         "Percent" : 34,
         "Type" : 2
      },
      "61D" : {
         "Percent" : 22,
         "Type" : 2
      }
   },
   "Weight" : [ 0.6446999907493591, 0.1436000019311905, 0.2117000073194504 ]
}
