{
   "Gender" : 0,
   "HairColor" : "Fallout4.esm|0A0431",
   "HeadParts" : [
      "Fallout4.esm|135A9F",
      "Fallout4.esm|197BA3",
      "Fallout4.esm|12AC13",
      "Fallout4.esm|051631",
      "Fallout4.esm|01F735",
      "Fallout4.esm|01EEBB",
      "Fallout4.esm|0B1759"
   ],
   "Morphs" : {
      "Presets" : {
         "36EF3480" : 1,
         "36EF3499" : 1,
         "36EF34B2" : 0.5600000023841858,
         "36EF34E1" : 1,
         "36EF35D3" : -0.3724068701267242,
         "36EF35D4" : -0.967115044593811,
         "36EF35D5" : -0.4474655389785767,
         "36EF35D6" : -0.1413350850343704,
         "36EF360A" : 1,
         "36EF360F" : 1,
         "36EF3614" : 1
      },
      "Regions" : {
         "0" : [
            0.03726544976234436,
            0.1501924842596054,
            0.1799999922513962,
            -0.1000000014901161,
            0,
            0,
            0,
            0
         ],
         "1" : [ 0.1216038763523102, -1, 0.4099999964237213, 0, 0, 0, 0, 0 ],
         "19" : [
            0,
            -0.9582060575485229,
            0.1000000014901161,
            0,
            0,
            0,
            -0.699999988079071,
            0
         ],
         "1A" : [ 0.273943692445755, -0.3548003435134888, 0, 0, 0, 0, 0, 0 ],
         "1B" : [ -0.1702707260847092, -1, 0.3100000023841858, 0, 0, 0, 0, 0 ],
         "2" : [
            -0.1144372075796127,
            -0.6509603261947632,
            1.387778780781446e-16,
            0,
            0,
            0,
            0,
            0
         ],
         "3" : [
            0.300000011920929,
            0.137987032532692,
            -0.188520759344101,
            0,
            0,
            0,
            0.8400000333786011,
            0
         ],
         "36EF34BA" : [
            0.04925483837723732,
            0.9957274198532104,
            0.4825666546821594,
            0,
            0,
            0,
            0,
            0
         ],
         "36EF34BB" : [
            -0.1800000071525574,
            0.3183695077896118,
            -0.6440090537071228,
            0,
            0,
            0,
            0,
            0
         ],
         "36EF34BC" : [ 0, 0.266541987657547, -1, 0, 0, 0, 0, 0 ],
         "36EF34BD" : [
            -0.3717144429683685,
            0.2093071192502975,
            0.5,
            0,
            0,
            0,
            0.3100000023841858,
            0
         ],
         "36EF34BE" : [ 0, 0, -0.119999997317791, 0, 0, 0, 0, 0 ],
         "36EF34BF" : [
            0.4047846794128418,
            -0.1420048177242279,
            0.4000000059604645,
            0,
            0,
            0.2000000029802322,
            0.3100000023841858,
            0
         ],
         "36EF34C0" : [ 0, 0, -0.3300000131130219, 0, 0, 0, 0, 0 ],
         "36EF34C1" : [
            -0.7957460880279541,
            -0.2785919010639191,
            0.1000000014901161,
            0,
            0,
            0,
            -0.1000000014901161,
            0
         ],
         "36EF34C2" : [ 0, -1, -0.07000000029802322, 0, 0, 0, 1, 0 ],
         "36EF34C3" : [
            -0.2000000029802322,
            -0.1500000059604645,
            -0.4600000083446503,
            0,
            0,
            0,
            -0.2800000011920929,
            0
         ],
         "36EF34C4" : [
            0.2006257474422455,
            0.2863557040691376,
            0.5,
            0,
            0,
            0,
            0.1099999994039536,
            0
         ],
         "36EF34C5" : [
            0.5110576152801514,
            0.3993111252784729,
            0.3400000035762787,
            0,
            0,
            0,
            0,
            0
         ],
         "36EF34C6" : [
            0,
            -0.3930756449699402,
            -0.8999999761581421,
            0,
            0,
            0,
            0.6299999952316284,
            0
         ],
         "36EF34C7" : [ 0, 0.9983670115470886, 1, 0, 0, 0, -0.2000000029802322, 0 ],
         "3E" : [
            0.2099999934434891,
            0.2860799729824066,
            0.1110301688313484,
            0,
            0,
            0,
            0,
            0
         ],
         "3F" : [ 0, -0.01999999955296516, 0.3100000023841858, 0, 0, 0, 0, 0 ],
         "4" : [ 0, 0, -0.1500000059604645, 0, 0, 0, 0.07999999821186066, 0 ],
         "5" : [
            0,
            0.2983100116252899,
            -0.6799187660217285,
            0,
            -0.1000000014901161,
            0,
            -0.4000000059604645,
            0
         ],
         "6" : [ 1, -0.0004540827940218151, 0, 0, 0, 0, 0, 0 ],
         "7" : [
            0.4604707360267639,
            0.3637878000736237,
            0.2800000011920929,
            0,
            0,
            0,
            0,
            0
         ],
         "9" : [
            -0.06652148813009262,
            0.4389329850673676,
            -0.25,
            0,
            0,
            0,
            -0.2800000011920929,
            0
         ],
         "A" : [
            -0.7127694487571716,
            -0.1949526071548462,
            0.1299999952316284,
            0,
            0,
            0,
            0.05999999865889549,
            0
         ]
      },
      "Values" : [ 0, 0, 0, -0.1599999964237213, -0.4600000083446503 ]
   },
   "TintOrder" : [ "4CC", "484", "49E", "49B", "4E8", "4EC", "4E9" ],
   "Tints" : {
      "484" : {
         "Color" : 14211817,
         "ColorID" : 1158,
         "Percent" : 100,
         "Type" : 1
      },
      "49B" : {
         "Percent" : 51,
         "Type" : 2
      },
      "49E" : {
         "Percent" : 34,
         "Type" : 2
      },
      "4CC" : {
         "Percent" : 100,
         "Type" : 2
      },
      "4E8" : {
         "Percent" : 58,
         "Type" : 2
      },
      "4E9" : {
         "Percent" : 14,
         "Type" : 2
      },
      "4EC" : {
         "Percent" : 22,
         "Type" : 2
      }
   },
   "Weight" : [ 0, 0.2886247634887695, 0.7113752365112305 ]
}
