{
   "Gender" : 0,
   "HairColor" : "Fallout4.esm|19EE60",
   "HeadParts" : [
      "Fallout4.esm|135A95",
      "Fallout4.esm|143802",
      "Fallout4.esm|1E55B9",
      "Fallout4.esm|051631",
      "Fallout4.esm|01F735",
      "Fallout4.esm|01EEBB",
      "Fallout4.esm|0B1759"
   ],
   "Morphs" : {
      "Presets" : {
         "36EF3478" : -0.6899999976158142,
         "36EF34A2" : 0.2700000107288361,
         "36EF34C5" : 0.5443096160888672,
         "36EF34E7" : 1,
         "36EF35D3" : -0.8230936527252197,
         "36EF35D4" : 0.2417726367712021,
         "36EF35D5" : -0.6621855497360229,
         "36EF35D6" : -0.4140578210353851,
         "36EF360D" : 0.1299999952316284,
         "36EF3613" : 0.1899999976158142,
         "36EF3614" : 1,
         "36EF3635" : 0.5199999809265137
      },
      "Regions" : {
         "0" : [
            -0.160221204161644,
            -1,
            -0.08024404942989349,
            0.2000000029802322,
            0,
            0,
            0,
            0
         ],
         "1" : [
            0.112671434879303,
            0.002738459501415491,
            -0.02660124935209751,
            0,
            0,
            0,
            0,
            0
         ],
         "19" : [ 0, 1, -0.04245685413479805, 0, 0, 0, 0.1622972637414932, 0 ],
         "1A" : [
            -0.1433082967996597,
            0.08618742227554321,
            0.1074676290154457,
            0,
            0,
            0,
            0,
            0
         ],
         "1B" : [
            -0.1074612215161324,
            0.04787382483482361,
            -0.09475287050008774,
            0,
            0,
            0,
            0,
            0
         ],
         "2" : [ -1, -0.04372895136475563, 0.0688592791557312, 0, 0, 0, 0, 0 ],
         "3" : [
            0.1547058671712875,
            0.1927755326032639,
            0.1596867889165878,
            0,
            0,
            0,
            -0.1800563037395477,
            0
         ],
         "36EF34BA" : [
            -0.1794480532407761,
            -0.09483805298805237,
            0.1847508102655411,
            0,
            0,
            0,
            0.05763233453035355,
            0
         ],
         "36EF34BB" : [ -0.1469850689172745, -1, 0.130322739481926, 0, 0, 0, 0, 0 ],
         "36EF34BC" : [ 0, 0.1654963195323944, 0.05669574066996574, 0, 0, 0, 0, 0 ],
         "36EF34BD" : [
            -0.02419733069837093,
            -0.289606511592865,
            0.07886389642953873,
            0,
            0,
            0,
            0.1721518337726593,
            0
         ],
         "36EF34BE" : [ 0, 0, -0.3899999856948853, 0, 0, 0, 0, 0 ],
         "36EF34BF" : [
            0.0248847920447588,
            0.1673082262277603,
            -0.699999988079071,
            0.0107383094727993,
            0,
            0.09367691725492477,
            0.1306666433811188,
            0
         ],
         "36EF34C0" : [ 0, 0.1353983134031296, -0.1963118463754654, 0, 0, 0, 0, 0 ],
         "36EF34C1" : [
            0.1364947259426117,
            -0.7525525093078613,
            0.05000000074505806,
            0,
            0,
            0,
            1,
            0
         ],
         "36EF34C2" : [ 0, -0.08523266762495041, -0.4000000059604645, 0, 0, 0, 1, 0 ],
         "36EF34C3" : [
            -0.09588830173015594,
            -0.5400000214576721,
            -0.6299999952316284,
            0,
            0,
            0,
            0.6200000047683716,
            0
         ],
         "36EF34C4" : [
            0.002877456601709127,
            0.3261838257312775,
            -0.1361759454011917,
            0,
            0,
            0,
            0.1400000005960464,
            0
         ],
         "36EF34C5" : [
            0.001641614362597466,
            -0.09761510044336319,
            -0.6899999976158142,
            0,
            0,
            0.1099999994039536,
            0,
            0
         ],
         "36EF34C6" : [
            0,
            -0.04558052122592926,
            0.08735100924968719,
            0,
            0,
            0,
            0.1663371920585632,
            0
         ],
         "36EF34C7" : [
            0,
            -0.1800000071525574,
            -0.9599999785423279,
            0,
            0,
            0,
            -0.239999994635582,
            0
         ],
         "3E" : [
            0.1248421967029572,
            -0.1700000017881393,
            -0.1343963444232941,
            0,
            0,
            0,
            0,
            0
         ],
         "3F" : [ 0, 1, 0.5, 0, 0, 0, 0, 0 ],
         "4" : [ 0, 0, -0.2744825780391693, 0, 0, 0, -1, 0 ],
         "5" : [
            0,
            0.03317421674728394,
            -0.1935706436634064,
            0,
            0.02164362743496895,
            0,
            0.04266481846570969,
            0
         ],
         "6" : [
            -0.01695756986737251,
            0.1700609177350998,
            0.1429798901081085,
            0,
            0,
            0,
            0,
            0
         ],
         "7" : [
            -0.1725835651159286,
            0.1703993529081345,
            0.1436595767736435,
            0,
            0,
            0,
            0,
            0
         ],
         "8" : [
            -0.08114904910326004,
            -0.1211982890963554,
            -0.07953925430774689,
            0,
            0,
            0,
            0.02255693636834621,
            0
         ],
         "9" : [
            0,
            0.949999988079071,
            -0.6299999952316284,
            0,
            0,
            0,
            -0.1899999976158142,
            0
         ],
         "A" : [
            0.1456834524869919,
            0.06457421183586121,
            0.03296114131808281,
            0,
            0,
            0,
            0.7799999713897705,
            0
         ]
      }
   },
   "TintOrder" : [ "4B2", "4AB", "484" ],
   "Tints" : {
      "484" : {
         "Color" : 13358055,
         "ColorID" : 1159,
         "Percent" : 72,
         "Type" : 1
      },
      "4AB" : {
         "Percent" : 100,
         "Type" : 2
      },
      "4B2" : {
         "Color" : 0,
         "ColorID" : 1202,
         "Percent" : 28,
         "Type" : 1
      }
   },
   "Weight" : [ 0.333299994468689, 0.333299994468689, 0.333299994468689 ]
}
