{
   "Gender" : 0,
   "HairColor" : "Fallout4.esm|19EE5E",
   "HeadParts" : [
      "Fallout4.esm|051631",
      "Fallout4.esm|02B891",
      "Fallout4.esm|01EEBC",
      "Fallout4.esm|01F735",
      "Fallout4.esm|0E12A4",
      "Fallout4.esm|01EEBB",
      "Fallout4.esm|0B1759"
   ],
   "Morphs" : {
      "Presets" : {
         "36EF3478" : -0.1000000014901161,
         "36EF34C4" : 0.4300000071525574,
         "36EF34D8" : 0.5699999928474426,
         "36EF3597" : 1,
         "36EF35B2" : 0.9599999785423279,
         "36EF35D3" : 0.2300000041723251,
         "36EF35D4" : 0.2099999934434891,
         "36EF35D5" : -0.2758772373199463,
         "36EF35D6" : -0.2146158367395401,
         "36EF360C" : 1,
         "36EF3611" : 1,
         "36EF3615" : 1
      },
      "Regions" : {
         "0" : [
            0.01238794717937708,
            -0.8100000023841858,
            0.1799999922513962,
            0.07999999821186066,
            0,
            0,
            0,
            0
         ],
         "1" : [
            0.239999994635582,
            0.2199999988079071,
            0.4099999964237213,
            0,
            0,
            0,
            0,
            0
         ],
         "19" : [
            0,
            -0.9582060575485229,
            0.1000000014901161,
            0,
            0,
            0,
            -0.699999988079071,
            0
         ],
         "1A" : [ 0.2376845180988312, -0.01999999955296516, 0, 0, 0, 0, 0, 0 ],
         "1B" : [ 0.449999988079071, -0.2899999916553497, 0.25, 0, 0, 0, 0, 0 ],
         "2" : [
            0.3400000035762787,
            -0.3499999940395355,
            0.3300000131130219,
            0,
            0,
            0,
            0,
            0
         ],
         "3" : [
            -0.7400000095367432,
            -0.02999999932944775,
            0.009999999776482582,
            0,
            0,
            0,
            0.1000000014901161,
            0
         ],
         "36EF34BA" : [
            0.2300000041723251,
            0.3899999856948853,
            -0.6399999856948853,
            0,
            0,
            0,
            0,
            0
         ],
         "36EF34BB" : [
            -0.449999988079071,
            0.6200000047683716,
            0.09000000357627869,
            0,
            0,
            0,
            0,
            0
         ],
         "36EF34BC" : [ 0, 0.266541987657547, -1, 0, 0, 0, 0, 0 ],
         "36EF34BD" : [
            -0.2517633736133575,
            0.2899999916553497,
            -0.2899999916553497,
            0,
            0,
            0,
            0.1599999964237213,
            0
         ],
         "36EF34BE" : [ 0, 0, -0.119999997317791, 0, 0, 0, 0, 0 ],
         "36EF34BF" : [
            0.02999999932944775,
            -0.01999999955296516,
            -0.2000000178813934,
            0,
            0,
            0.07999999821186066,
            0.05000000074505806,
            0
         ],
         "36EF34C0" : [ 0, -0.1700000017881393, 0.2300000041723251, 0, 0, 0, 0, 0 ],
         "36EF34C1" : [
            0.05999999865889549,
            0.6800000071525574,
            0.07000000029802322,
            0,
            0,
            0,
            -0.75,
            0
         ],
         "36EF34C2" : [ 0, 0, -0.07000000029802322, 0, 0, 0, -0.6100000143051147, 0 ],
         "36EF34C3" : [
            -0.2000000029802322,
            -0.25,
            -0.09000000357627869,
            0,
            0,
            0,
            0.1000000014901161,
            0
         ],
         "36EF34C4" : [
            -0.005909360945224762,
            0.3199999928474426,
            -0.07000000029802322,
            0,
            0,
            0,
            0.01000000257045031,
            0
         ],
         "36EF34C5" : [
            0.1400000005960464,
            0.1099999994039536,
            -0.2000000029802322,
            0,
            0,
            0.1899999976158142,
            0,
            0
         ],
         "36EF34C6" : [
            0,
            -0.03999999910593033,
            -0.09000000357627869,
            0,
            0,
            0,
            0.2599999904632568,
            0
         ],
         "36EF34C7" : [
            0,
            0.6299999952316284,
            0.239999994635582,
            0,
            0,
            0,
            0.05999999865889549,
            0
         ],
         "3E" : [
            0.2099999934434891,
            0.1700000017881393,
            0.07999999821186066,
            0,
            0,
            0,
            0,
            0
         ],
         "3F" : [ 0, 0.2599999904632568, 0.5699999928474426, 0, 0, 0, 0, 0 ],
         "4" : [ 0, 0, -0.01999999955296516, 0, 0, 0, -1, 0 ],
         "5" : [
            0,
            0.05999999865889549,
            -0.5099999904632568,
            0,
            0.1000000014901161,
            0,
            -0.1099999994039536,
            0
         ],
         "6" : [ 1, 0.7699999809265137, -0.5899999737739563, 0, 0, 0, 0, 0 ],
         "7" : [ 1, 0.3334544897079468, 0.5, 0, 0, 0, 0, 0 ],
         "8" : [
            0.3400000035762787,
            0.5899999737739563,
            0,
            0,
            0,
            0,
            -0.8199999928474426,
            0
         ],
         "9" : [
            -0.05000000074505806,
            0.3899999856948853,
            -0.4099999964237213,
            0,
            0,
            0,
            -0.2800000011920929,
            0
         ],
         "A" : [
            0.5899999737739563,
            -0.3700000047683716,
            0.05999999865889549,
            0,
            0,
            0,
            0.3400000035762787,
            0
         ]
      },
      "Values" : [ 0, 0, 0, -0.1599999964237213, -0.4699999988079071 ]
   },
   "TintOrder" : [
      "4AB",
      "484",
      "49E",
      "49F",
      "49B",
      "4E8",
      "616",
      "4EB",
      "561",
      "4EC",
      "4E9",
      "61A",
      "4D0",
      "4D1",
      "4D4"
   ],
   "Tints" : {
      "484" : {
         "Color" : 14211817,
         "ColorID" : 1158,
         "Percent" : 100,
         "Type" : 1
      },
      "49B" : {
         "Percent" : 41,
         "Type" : 2
      },
      "49E" : {
         "Percent" : 29,
         "Type" : 2
      },
      "49F" : {
         "Percent" : 24,
         "Type" : 2
      },
      "4AB" : {
         "Percent" : 100,
         "Type" : 2
      },
      "4D0" : {
         "Percent" : 9,
         "Type" : 2
      },
      "4D1" : {
         "Percent" : 4,
         "Type" : 2
      },
      "4D4" : {
         "Percent" : 6,
         "Type" : 2
      },
      "4E8" : {
         "Percent" : 52,
         "Type" : 2
      },
      "4E9" : {
         "Percent" : 11,
         "Type" : 2
      },
      "4EB" : {
         "Percent" : 45,
         "Type" : 2
      },
      "4EC" : {
         "Percent" : 55,
         "Type" : 2
      },
      "561" : {
         "Percent" : 33,
         "Type" : 2
      },
      "616" : {
         "Color" : 6439796,
         "ColorID" : 1658,
         "Percent" : 52,
         "Type" : 1
      },
      "61A" : {
         "Percent" : 24,
         "Type" : 2
      }
   },
   "Weight" : [ 0.2788000106811523, 0.4623999893665314, 0.2587999999523163 ]
}
