{
   "Gender" : 0,
   "HairColor" : "Fallout4.esm|19EE60",
   "HeadParts" : [
      "Fallout4.esm|1E5E86",
      "Fallout4.esm|051EB6",
      "Fallout4.esm|0209F4",
      "Fallout4.esm|051631",
      "Fallout4.esm|01F735",
      "Fallout4.esm|01EEBB",
      "Fallout4.esm|0B1759"
   ],
   "Morphs" : {
      "Presets" : {
         "36EF3478" : 0.09000000357627869,
         "36EF34BB" : 1,
         "36EF34D7" : 1,
         "36EF35B9" : 1,
         "36EF35D3" : -0.4635734558105469,
         "36EF35D4" : -1,
         "36EF35D5" : 0.07000000029802322,
         "36EF35D6" : 0.8500000238418579,
         "36EF3607" : 1,
         "36EF3615" : 1
      },
      "Regions" : {
         "0" : [
            -0.1241826266050339,
            -1,
            0.4900000095367432,
            0.3400000035762787,
            0,
            0,
            0,
            0
         ],
         "1" : [
            0.1171637549996376,
            0.1099999994039536,
            -0.1255229562520981,
            0,
            0,
            0,
            0,
            0
         ],
         "19" : [
            0,
            0.2270078361034393,
            0.300000011920929,
            0,
            0,
            0,
            0.3400000035762787,
            0
         ],
         "1A" : [
            0.009999999776482582,
            -0.3300000131130219,
            -0.1000000014901161,
            0,
            0,
            0,
            0,
            0
         ],
         "1B" : [ -0.25, 0.05000000074505806, 0.07000000029802322, 0, 0, 0, 0, 0 ],
         "2" : [
            -0.04569283872842789,
            0.7765635848045349,
            -0.2599999904632568,
            0,
            0,
            0,
            0,
            0
         ],
         "3" : [
            0.03999999910593033,
            0.2099999934434891,
            -0.01999999955296516,
            0,
            0,
            0,
            -0.3199999928474426,
            0
         ],
         "36EF34BA" : [
            0.550000011920929,
            -0.09000000357627869,
            -0.2000000029802322,
            0,
            0,
            0,
            0.4699999988079071,
            0
         ],
         "36EF34BB" : [
            -0.3600000143051147,
            -0.5899999737739563,
            0.02999999932944775,
            0,
            0,
            0,
            0,
            0
         ],
         "36EF34BC" : [ 0, 0.3600000143051147, -0.8700000047683716, 0, 0, 0, 0, 0 ],
         "36EF34BD" : [
            -0.07000000029802322,
            -0.239999994635582,
            -0.1299999952316284,
            0.1500000059604645,
            0,
            0,
            -0.1700000017881393,
            0
         ],
         "36EF34BE" : [ 0, 0, -0.2800000011920929, 0, 0, 0, 0, 0 ],
         "36EF34BF" : [
            0.05069724097847939,
            -0.003428949508816004,
            0.1099999994039536,
            -0.05000000074505806,
            0,
            -0.1000000014901161,
            0.25,
            0
         ],
         "36EF34C0" : [ 0, -0.03999999910593033, 0.4099999964237213, 0, 0, 0, 0, 0 ],
         "36EF34C1" : [
            0.01073766872286797,
            0.2861347496509552,
            -1.192092913271381e-08,
            -0.1299999952316284,
            0,
            0,
            0.6499999761581421,
            0
         ],
         "36EF34C2" : [
            0,
            -0.1400000005960464,
            0.449999988079071,
            0,
            0,
            0,
            0.5400000214576721,
            0
         ],
         "36EF34C3" : [
            0.2180335223674774,
            -0.4462790191173553,
            -0.1500000059604645,
            0.05000000074505806,
            0,
            0,
            0.4000000059604645,
            0
         ],
         "36EF34C4" : [
            0.04068011045455933,
            0,
            0.5299999713897705,
            0,
            0,
            0,
            0.3100000023841858,
            0
         ],
         "36EF34C5" : [
            0.2099999934434891,
            -0.09000000357627869,
            -0.1500000059604645,
            0,
            0,
            -0.03999999910593033,
            0,
            0
         ],
         "36EF34C6" : [ 0, -0.2300000041723251, -0.07000000029802322, 0, 0, 0, -0.25, 0 ],
         "36EF34C7" : [
            0,
            0.6501362323760986,
            0.05999999865889549,
            0,
            0,
            0,
            -0.05000000074505806,
            0
         ],
         "3E" : [
            -0.03999999910593033,
            0.05999999865889549,
            -0.07000000029802322,
            0,
            0,
            0,
            0,
            0
         ],
         "3F" : [ 0, -0.1899999976158142, 0.1299999952316284, 0, 0, 0, 0, 0 ],
         "4" : [ 0, 0, -0.03999999910593033, 0, 0, 0, -0.01067139953374863, 0 ],
         "5" : [
            0.1600780040025711,
            0.03999999910593033,
            -0.4099999964237213,
            0,
            0.07999999821186066,
            0,
            -0.109999991953373,
            0
         ],
         "6" : [
            -0.01999999955296516,
            -0.1147131770849228,
            -0.7300000190734863,
            0,
            0,
            0,
            0,
            0
         ],
         "7" : [
            0.1206737086176872,
            -0.2074894160032272,
            0.2787705063819885,
            0,
            0,
            0,
            0,
            0
         ],
         "8" : [
            0.2445399612188339,
            -0.05520280078053474,
            -0.1197542920708656,
            0,
            0,
            0,
            -0.1078278124332428,
            0
         ],
         "9" : [
            0.05472952127456665,
            0.4900000095367432,
            0.3899999856948853,
            0,
            0,
            0,
            -0.2000000178813934,
            0
         ],
         "A" : [
            -0.4699999988079071,
            -0.3455803990364075,
            0.4559104740619659,
            0,
            0,
            0,
            0.05999999865889549,
            0
         ]
      },
      "Values" : [
         -0.009999999776482582,
         0.7799999713897705,
         1,
         0.3899999856948853,
         0.5699999928474426
      ]
   },
   "TintOrder" : [ "4AF", "484", "49E", "54E", "55F", "616", "564", "5C8", "4EC", "61B" ],
   "Tints" : {
      "484" : {
         "Color" : 4863283,
         "ColorID" : 1284,
         "Percent" : 100,
         "Type" : 1
      },
      "49E" : {
         "Percent" : 37,
         "Type" : 2
      },
      "4AF" : {
         "Percent" : 100,
         "Type" : 2
      },
      "4EC" : {
         "Percent" : 66,
         "Type" : 2
      },
      "54E" : {
         "Percent" : 35,
         "Type" : 2
      },
      "55F" : {
         "Percent" : 52,
         "Type" : 2
      },
      "564" : {
         "Percent" : 38,
         "Type" : 2
      },
      "5C8" : {
         "Percent" : 39,
         "Type" : 2
      },
      "616" : {
         "Color" : 14537443,
         "ColorID" : 1662,
         "Percent" : 76,
         "Type" : 1
      },
      "61B" : {
         "Percent" : 66,
         "Type" : 2
      }
   },
   "Weight" : [ 0.5559264421463013, 0.2318521738052368, 0.2122213840484619 ]
}
