{
   "Gender" : 0,
   "HairColor" : "Fallout4.esm|0A042E",
   "HeadParts" : [
      "Fallout4.esm|1436DC",
      "Fallout4.esm|1E55CA",
      "Fallout4.esm|135A95",
      "Fallout4.esm|051631",
      "Fallout4.esm|01F735",
      "Fallout4.esm|01EEBB",
      "Fallout4.esm|0B1759"
   ],
   "Morphs" : {
      "Presets" : {
         "36EF3478" : -0.25,
         "36EF357C" : 0.5597507953643799,
         "36EF3597" : 1,
         "36EF35D3" : -0.7654154896736145,
         "36EF35D4" : -0.3777791857719421,
         "36EF35D5" : 0.1299999952316284,
         "36EF35D6" : 0.07000000029802322,
         "36EF360C" : 1,
         "36EF3617" : 0.4310746788978577,
         "36EF363B" : 0.754952073097229
      },
      "Regions" : {
         "0" : [
            0.01238794717937708,
            -0.4199999868869781,
            0.1799999922513962,
            -0.3799999952316284,
            0,
            0,
            0,
            0
         ],
         "1" : [
            0.1953117400407791,
            0.4079839885234833,
            0.009999996051192284,
            0,
            0,
            0,
            0,
            0
         ],
         "19" : [
            0,
            -0.006755096837878227,
            1.490116141589226e-09,
            0,
            0,
            0,
            -0.1000000014901161,
            0
         ],
         "1A" : [ 0.4899530410766602, 0.5918871760368347, 0, 0, 0, 0, 0, 0 ],
         "1B" : [ 1, 0.2199999988079071, -0.119999997317791, 0, 0, 0, 0, 0 ],
         "2" : [ -0.6135246157646179, -1, -0.9699999690055847, 0, 0, 0, 0, 0 ],
         "3" : [
            0.699999988079071,
            -0.227488711476326,
            0.03832098469138145,
            0,
            0,
            0,
            -0.300000011920929,
            0
         ],
         "36EF34BA" : [
            0.2300000041723251,
            0.05001082271337509,
            -0.5473071932792664,
            0,
            0,
            0,
            0.4600000083446503,
            0
         ],
         "36EF34BB" : [ -0.449999988079071, -1, 0.09000000357627869, 0, 0, 0, 0, 0 ],
         "36EF34BC" : [ 0, 1, -0.2167051285505295, 0, 0, 0, 0, 0 ],
         "36EF34BD" : [
            -0.3450290560722351,
            -0.2919321656227112,
            0.1500000059604645,
            0.8999999761581421,
            0,
            0,
            0.1500000059604645,
            0
         ],
         "36EF34BE" : [ 0, 0, 0.08000000566244125, 0, 0, 0, 0, 0 ],
         "36EF34BF" : [
            0.3339859545230865,
            -0.01683955453336239,
            -0.4099999964237213,
            0,
            0,
            -0.5099999904632568,
            -0.05999999493360519,
            0
         ],
         "36EF34C0" : [ 0, -0.1700000017881393, 0.2300000041723251, 0, 0, 0, 0, 0 ],
         "36EF34C1" : [
            0.008676601573824883,
            -0.4950287342071533,
            -0.2199999988079071,
            0,
            0,
            0,
            -0.7899999618530273,
            0
         ],
         "36EF34C2" : [ 0, -0.1500000059604645, -0.07000000029802322, 0, 0, 0, 1, 0 ],
         "36EF34C3" : [
            -0.2747515439987183,
            -0.2783517241477966,
            0.009999996051192284,
            0,
            0,
            0,
            1.490116141589226e-09,
            0
         ],
         "36EF34C4" : [
            -0.02943159081041813,
            0.0491715669631958,
            -0.1700000017881393,
            0,
            0,
            0,
            -0.05999999865889549,
            0
         ],
         "36EF34C5" : [
            -0.3307862281799316,
            -0.279773086309433,
            -1,
            0,
            0,
            0.1000000014901161,
            0,
            0
         ],
         "36EF34C6" : [
            0,
            -0.1781259328126907,
            -0.01000000257045031,
            0,
            0,
            0,
            -0.7800000309944153,
            0
         ],
         "36EF34C7" : [ 0, 1, -1, 0, 0, 0, -1, 0 ],
         "3E" : [
            0.2099999934434891,
            0.5626781582832336,
            0.5842683911323547,
            0,
            0,
            0,
            0,
            0
         ],
         "3F" : [ 0, 0.6967009902000427, 0.7699999809265137, 0, 0, 0, 0, 0 ],
         "4" : [ 0, 0, -0.1326021999120712, 0, 0, 0, -0.7300000190734863, 0 ],
         "5" : [
            1,
            0.4900000095367432,
            -0.5099999904632568,
            0,
            0.1000000014901161,
            0,
            -0.009999999776482582,
            0
         ],
         "6" : [ 1, -0.0004540827940218151, -0.5899999737739563, 0, 0, 0, 0, 0 ],
         "7" : [ 1, 0.3334544897079468, 0.5, 0, 0, 0, 0, 0 ],
         "8" : [ 0.3400000035762787, 0, 0, 0, 0, 0, 0, 0 ],
         "9" : [
            -0.05000000074505806,
            0.7699999809265137,
            -0.4099999964237213,
            0,
            0,
            0,
            -0.6000000238418579,
            0
         ],
         "A" : [ -1, -0.6000000238418579, -1, 0, 0, 0, 0.1500000059604645, 0 ]
      },
      "Values" : [ 0, 0, 0, -0.1599999964237213, -0.4699999988079071 ]
   },
   "TintOrder" : [ "4B1", "4B4", "4AB", "55F", "4ED", "55A", "49C", "4EB", "61B", "61C" ],
   "Tints" : {
      "49C" : {
         "Percent" : 42,
         "Type" : 2
      },
      "4AB" : {
         "Percent" : 100,
         "Type" : 2
      },
      "4B1" : {
         "Color" : 0,
         "ColorID" : 1202,
         "Percent" : 18,
         "Type" : 1
      },
      "4B4" : {
         "Color" : 0,
         "ColorID" : 1202,
         "Percent" : 16,
         "Type" : 1
      },
      "4EB" : {
         "Percent" : 48,
         "Type" : 2
      },
      "4ED" : {
         "Percent" : 35,
         "Type" : 2
      },
      "55A" : {
         "Percent" : 21,
         "Type" : 2
      },
      "55F" : {
         "Percent" : 64,
         "Type" : 2
      },
      "61B" : {
         "Percent" : 14,
         "Type" : 2
      },
      "61C" : {
         "Percent" : 29,
         "Type" : 2
      }
   },
   "Weight" : [ 0.6782774925231934, 0, 0.3217225074768066 ]
}
