{
   "Gender" : 0,
   "HairColor" : "Fallout4.esm|19EE60",
   "HeadParts" : [
      "Fallout4.esm|0E12A4",
      "Fallout4.esm|137935",
      "Fallout4.esm|051631",
      "Fallout4.esm|0209F4",
      "Fallout4.esm|01F735",
      "Fallout4.esm|01EEBB",
      "Fallout4.esm|0B1759"
   ],
   "Morphs" : {
      "Presets" : {
         "36EF34B0" : 0.4435864686965942,
         "36EF34C9" : 1,
         "36EF34D8" : 1,
         "36EF34EA" : 1,
         "36EF35D3" : -0.9818222522735596,
         "36EF35D4" : 1,
         "36EF35D5" : 0.1552901864051819,
         "36EF35D6" : 0.03415226936340332,
         "36EF360B" : 1,
         "36EF3614" : 1
      },
      "Regions" : {
         "0" : [ -0.3832215368747711, -1, 0.4000000059604645, -1, 0, 0, 0, 0 ],
         "1" : [ -0.2722586691379547, 0.424103856086731, -1, 0, 0, 0, 0, 0 ],
         "19" : [ 0, 1, 0.300000011920929, 0, 0, 0, 0.800000011920929, 0 ],
         "1A" : [ -0.1987582147121429, 0.7848549485206604, -1, 0, 0, 0, 0, 0 ],
         "1B" : [ -0.9233437776565552, -0.09048442542552948, -1, 0, 0, 0, 0, 0 ],
         "2" : [
            0.009386081248521805,
            0.5252140164375305,
            -1.387778780781446e-16,
            0,
            0,
            0,
            0,
            0
         ],
         "3" : [
            0.8999999761581421,
            0.08399107307195663,
            -0.2557870149612427,
            0,
            0,
            0,
            0.2000000029802322,
            0
         ],
         "36EF34BA" : [ 1, 0.3630790710449219, 0.02675146609544754, 0, 0, 0, 1, 0 ],
         "36EF34BB" : [ -1, -0.2670162916183472, 0.5371654033660889, 0, 0, 0, 0, 0 ],
         "36EF34BC" : [ 0, -1, 0.5502647757530212, 0, 0, 0, 0, 0 ],
         "36EF34BD" : [
            -0.5240947604179382,
            -1,
            -0.4000000059604645,
            -1,
            0,
            0,
            0.01000001467764378,
            0
         ],
         "36EF34BE" : [ 0, 0, 0.5, 0, 0, 0, 0, 0 ],
         "36EF34BF" : [
            0.2018433660268784,
            -0.06499549001455307,
            0.1000000089406967,
            0,
            0,
            0.800000011920929,
            0.5999999642372131,
            0
         ],
         "36EF34C0" : [ 0, 0.8623800873756409, 0.09697802364826202, 0, 0, 0, 0, 0 ],
         "36EF34C1" : [
            -0.1772343367338181,
            -0.1359463781118393,
            0.300000011920929,
            0.300000011920929,
            0,
            0,
            0.6000000238418579,
            0
         ],
         "36EF34C2" : [ 0, -1, -1, 0, 0, 0, -0.800000011920929, 0 ],
         "36EF34C3" : [
            0.2447682321071625,
            -0.3955659568309784,
            0.1000000089406967,
            1,
            0,
            0,
            0.1200000047683716,
            0
         ],
         "36EF34C4" : [
            -0.002852317411452532,
            -0.863262414932251,
            -0.8999999761581421,
            0,
            0,
            0,
            0.3100000023841858,
            0
         ],
         "36EF34C5" : [
            0.03626269102096558,
            0.405547022819519,
            0.300000011920929,
            0,
            0,
            0.6000000238418579,
            0,
            0
         ],
         "36EF34C6" : [ 0, -1, -1.387778780781446e-16, 0, 0, 0, -0.699999988079071, 0 ],
         "36EF34C7" : [ 0, 1, 0.8999999761581421, 0, 0, 0, 0.1999999731779099, 0 ],
         "3E" : [ -0.4000000059604645, -1, -0.4584718346595764, 0, 0, 0, 0, 0 ],
         "3F" : [ 0, 0.3894038796424866, 0.1000000014901161, 0, 0, 0, 0, 0 ],
         "4" : [ 0, 0, -0.02243855781853199, 0, 0, 0, 1, 0 ],
         "5" : [
            0.7000000476837158,
            -0.07485850155353546,
            -0.1183974593877792,
            0,
            0.2999999821186066,
            0,
            0.1000000014901161,
            0
         ],
         "6" : [ 1, 0.1374280452728271, -1, 0, 0, 0, 0, 0 ],
         "7" : [ 1, 0.02498009242117405, 0.2800000011920929, 0, 0, 0, 0, 0 ],
         "8" : [ 1, 0.823419988155365, 0.8999999761581421, 0, 0, 0, 1, 0 ],
         "9" : [
            0.2591516673564911,
            0.122921496629715,
            -0.2000000029802322,
            0,
            0,
            0,
            -0.1800000071525574,
            0
         ],
         "A" : [ 0.5, -1, -0.9996511936187744, 0, 0, 0, -1, 0 ]
      },
      "Values" : [ 0, 0, 0, -0.1599999964237213, -0.4600000083446503 ]
   },
   "TintOrder" : [ "4AB", "484", "4E8", "616", "61B", "61C", "4E9", "61A" ],
   "Tints" : {
      "484" : {
         "Color" : 9869470,
         "ColorID" : 1165,
         "Percent" : 100,
         "Type" : 1
      },
      "4AB" : {
         "Percent" : 100,
         "Type" : 2
      },
      "4E8" : {
         "Percent" : 26,
         "Type" : 2
      },
      "4E9" : {
         "Percent" : 14,
         "Type" : 2
      },
      "616" : {
         "Color" : 329093,
         "ColorID" : 1659,
         "Percent" : 42,
         "Type" : 1
      },
      "61A" : {
         "Percent" : 14,
         "Type" : 2
      },
      "61B" : {
         "Percent" : 14,
         "Type" : 2
      },
      "61C" : {
         "Percent" : 42,
         "Type" : 2
      }
   },
   "Weight" : [ 0.315571129322052, 0.2106204032897949, 0.4738084673881531 ]
}
